costs;pi_N;pi_M;delta;p_nash;p_monopoly;A;actions_0;prices_0;quantities_0;rewards_0;actions_1;prices_1;quantities_1;rewards_1
1.0;0.0;1.0;0.0;1.0;2.0;3.0;-0.48216718435287476;1.0;2.0;0.0;-0.029393715783953667;1.0;2.0;0.0
1.0;0.0;1.0;0.0;1.0;2.0;3.0;-0.2013007402420044;1.0;2.0;0.0;0.1660880148410797;1.3321760296821594;0.0;0.0
1.0;0.0;1.0;0.0;1.0;2.0;3.0;-0.5615801811218262;1.0;2.0;0.0;-0.016991611570119858;1.0;2.0;0.0
1.0;0.0;1.0;0.9500119023963087;1.0;2.0;3.0;0.38820990920066833;1.7764198184013367;1.2235801815986633;0.9500119023963087;0.7419816851615906;2.483963370323181;0.0;0.0
1.0;0.0;1.0;0.0;1.0;2.0;3.0;-0.03423410654067993;1.0;2.0;0.0;-0.8433619141578674;1.0;2.0;0.0
1.0;0.0;1.0;0.0;1.0;2.0;3.0;-0.6245974898338318;1.0;2.0;0.0;0.9543668627738953;2.9087337255477905;0.0;0.0
1.0;0.0;1.0;0.9231301945258075;1.0;2.0;3.0;0.3613729774951935;1.722745954990387;1.277254045009613;0.9231301945258075;0.8055476546287537;2.6110953092575073;0.0;0.0
1.0;0.0;1.0;0.9998468387921093;1.0;2.0;3.0;0.49381208419799805;1.987624168395996;1.012375831604004;0.9998468387921093;0.8487095832824707;2.6974191665649414;0.0;0.0
1.0;0.0;1.0;0.6176746427680513;1.0;2.0;3.0;0.8091623187065125;2.618324637413025;0.3816753625869751;0.6176746427680513;0.8258675932884216;2.6517351865768433;0.0;0.0
1.0;0.0;1.0;0.9087060191572931;1.0;2.0;3.0;0.6510744690895081;2.302148938179016;0.6978510618209839;0.9087060191572931;0.8398662805557251;2.67973256111145;0.0;0.0
1.0;0.0;1.0;0.0;1.0;2.0;3.0;-0.03173302859067917;1.0;2.0;0.0;-0.4972420632839203;1.0;2.0;0.0
1.0;0.0;1.0;0.9785217174220975;1.0;2.0;3.0;0.5732773542404175;2.146554708480835;0.853445291519165;0.9785217174220975;0.8009557723999023;2.6019115447998047;0.0;0.0
1.0;0.0;1.0;0.9983947010107919;1.0;2.0;3.0;0.4799669086933136;1.9599338173866272;1.0400661826133728;0.9983947010107919;0.8154564499855042;2.6309128999710083;0.0;0.0
1.0;0.0;1.0;0.0;1.0;2.0;3.0;-0.5443441867828369;1.0;2.0;0.0;0.8396676778793335;2.679335355758667;0.0;0.0
1.0;0.0;1.0;0.0;1.0;2.0;3.0;-0.036535974591970444;1.0;2.0;0.0;0.40342459082603455;1.806849181652069;0.0;0.0
1.0;0.0;1.0;0.9999946013093535;1.0;2.0;3.0;0.5011617541313171;2.0023235082626343;0.9976764917373657;0.9999946013093535;0.8127220869064331;2.625444173812866;0.0;0.0
1.0;0.0;1.0;0.0;1.0;2.0;3.0;-0.9515593647956848;1.0;2.0;0.0;-0.339208722114563;1.0;2.0;0.0
1.0;0.0;1.0;0.0;1.0;2.0;3.0;-0.049025874584913254;1.0;2.0;0.0;0.8425634503364563;2.6851269006729126;0.0;0.0
1.0;0.0;1.0;0.9968950589149586;1.0;2.0;3.0;0.47213900089263916;1.9442780017852783;1.0557219982147217;0.9968950589149586;0.8973524570465088;2.7947049140930176;0.0;0.0
1.0;0.0;1.0;0.0;1.0;2.0;3.0;-0.45879533886909485;1.0;2.0;0.0;-0.5622161626815796;1.0;2.0;0.0
1.0;0.0;1.0;0.0;1.0;2.0;3.0;-0.3362824618816376;1.0;2.0;0.0;-0.04873209074139595;1.0;2.0;0.0
1.0;0.0;1.0;0.0;1.0;2.0;3.0;0.3164980411529541;1.6329960823059082;0.0;0.0;-0.6118203997612;1.0;2.0;0.0
1.0;0.0;1.0;0.9299765362860484;1.0;2.0;3.0;0.6323097348213196;2.264619469642639;0.7353805303573608;0.9299765362860484;0.9386069774627686;2.877213954925537;0.0;0.0
1.0;0.0;1.0;0.0;1.0;2.0;3.0;0.9625177979469299;2.92503559589386;0.0;0.0;-0.9495553374290466;1.0;2.0;0.0
1.0;0.0;1.0;0.0;1.0;2.0;3.0;-0.571016788482666;1.0;2.0;0.0;-0.7696558237075806;1.0;2.0;0.0
1.0;0.0;1.0;0.0;1.0;2.0;3.0;0.3360040485858917;1.6720080971717834;0.0;0.0;-0.07970201224088669;1.0;2.0;0.0
1.0;0.0;1.0;0.0;1.0;2.0;3.0;-0.09676598757505417;1.0;2.0;0.0;0.9794825315475464;2.9589650630950928;0.0;0.0
1.0;0.0;1.0;0.0;1.0;2.0;3.0;-0.6521384119987488;1.0;2.0;0.0;-0.9572767019271851;1.0;2.0;0.0
1.0;0.0;1.0;0.0;1.0;2.0;3.0;-0.4051523506641388;1.0;2.0;0.0;-0.9531774520874023;1.0;2.0;0.0
1.0;0.0;1.0;0.0;1.0;2.0;3.0;-0.13890253007411957;1.0;2.0;0.0;-0.5790674686431885;1.0;2.0;0.0
1.0;0.0;1.0;0.0;1.0;2.0;3.0;0.9138355255126953;2.8276710510253906;0.0;0.0;-0.05748309567570686;1.0;2.0;0.0
1.0;0.0;1.0;0.0;1.0;2.0;3.0;-0.38234710693359375;1.0;2.0;0.0;-0.8224863409996033;1.0;2.0;0.0
1.0;0.0;1.0;0.0;1.0;2.0;3.0;-0.4785612225532532;1.0;2.0;0.0;0.4229733645915985;1.845946729183197;0.0;0.0
1.0;0.0;1.0;0.0;1.0;2.0;3.0;0.09949922561645508;1.1989984512329102;0.0;0.0;-0.9418232440948486;1.0;2.0;0.0
1.0;0.0;1.0;0.0;1.0;2.0;3.0;-0.08190468698740005;1.0;2.0;0.0;-0.37795838713645935;1.0;2.0;0.0
1.0;0.0;1.0;0.467687561971033;1.0;2.0;3.0;0.9136877655982971;2.8273755311965942;0.0;0.0;0.8647987246513367;2.7295974493026733;0.27040255069732666;0.467687561971033
1.0;0.0;1.0;0.0;1.0;2.0;3.0;-0.4210842251777649;1.0;2.0;0.0;0.8726746439933777;2.7453492879867554;0.0;0.0
1.0;0.0;1.0;0.0;1.0;2.0;3.0;-0.9191027283668518;1.0;2.0;0.0;-0.9681127071380615;1.0;2.0;0.0
1.0;0.0;1.0;0.3973072978988057;1.0;2.0;3.0;0.9684659838676453;2.9369319677352905;0.0;0.0;0.11183357238769531;1.2236671447753906;1.7763328552246094;0.3973072978988057
1.0;0.0;1.0;0.0;1.0;2.0;3.0;0.5324622392654419;2.064924478530884;0.0;0.0;-0.9034123420715332;1.0;2.0;0.0
1.0;0.0;1.0;0.0;1.0;2.0;3.0;-0.2662315368652344;1.0;2.0;0.0;-0.5286577343940735;1.0;2.0;0.0
1.0;0.0;1.0;0.179727905670155;1.0;2.0;3.0;0.28415948152542114;1.5683189630508423;0.0;0.0;0.047155629843473434;1.0943112596869469;1.9056887403130531;0.179727905670155
1.0;0.0;1.0;0.9259062577657318;1.0;2.0;3.0;0.8369158506393433;2.6738317012786865;0.0;0.0;0.3638991713523865;1.727798342704773;1.272201657295227;0.9259062577657318
1.0;0.0;1.0;0.0;1.0;2.0;3.0;-0.1539115458726883;1.0;2.0;0.0;0.2447098195552826;1.4894196391105652;0.0;0.0
1.0;0.0;1.0;0.0;1.0;2.0;3.0;0.5549336671829224;2.1098673343658447;0.0;0.0;-0.5698534250259399;1.0;2.0;0.0
1.0;0.0;1.0;0.0;1.0;2.0;3.0;-0.545623242855072;1.0;2.0;0.0;0.6443536877632141;2.2887073755264282;0.0;0.0
1.0;0.0;1.0;0.0;1.0;2.0;3.0;-0.17674922943115234;1.0;2.0;0.0;-0.33181869983673096;1.0;2.0;0.0
1.0;0.0;1.0;0.0;1.0;2.0;3.0;-0.5186964869499207;1.0;2.0;0.0;-0.4538310468196869;1.0;2.0;0.0
1.0;0.0;1.0;0.6536838584466835;1.0;2.0;3.0;0.7942431569099426;2.5884863138198853;0.41151368618011475;0.6536838584466835;0.9507689476013184;2.9015378952026367;0.0;0.0
1.0;0.0;1.0;0.5738926335030703;1.0;2.0;3.0;0.6820160150527954;2.364032030105591;0.0;0.0;0.173615500330925;1.34723100066185;1.65276899933815;0.5738926335030703
1.0;0.0;1.0;0.0;1.0;2.0;3.0;0.3549882471561432;1.7099764943122864;0.0;0.0;-0.7294305562973022;1.0;2.0;0.0
1.0;0.0;1.0;0.0;1.0;2.0;3.0;0.5474933385848999;2.0949866771698;0.0;0.0;-0.7402483820915222;1.0;2.0;0.0
1.0;0.0;1.0;0.0;1.0;2.0;3.0;-0.8841297030448914;1.0;2.0;0.0;0.992106020450592;2.984212040901184;0.0;0.0
1.0;0.0;1.0;0.0;1.0;2.0;3.0;-0.5361098051071167;1.0;2.0;0.0;0.11949537694454193;1.2389907538890839;0.0;0.0
1.0;0.0;1.0;0.0;1.0;2.0;3.0;0.4889819324016571;1.9779638648033142;0.0;0.0;-0.24830204248428345;1.0;2.0;0.0
1.0;0.0;1.0;0.3189382368218352;1.0;2.0;3.0;0.7573410272598267;2.5146820545196533;0.0;0.0;0.08736766874790192;1.1747353374958038;1.8252646625041962;0.3189382368218352
1.0;0.0;1.0;0.0;1.0;2.0;3.0;0.5216121077537537;2.0432242155075073;0.0;0.0;-0.5658184885978699;1.0;2.0;0.0
1.0;0.0;1.0;0.0;1.0;2.0;3.0;-0.3917921781539917;1.0;2.0;0.0;0.8820220232009888;2.7640440464019775;0.0;0.0
1.0;0.0;1.0;0.5755712995204725;1.0;2.0;3.0;0.1742590367794037;1.3485180735588074;1.6514819264411926;0.5755712995204725;0.48829948902130127;1.9765989780426025;0.0;0.0
1.0;0.0;1.0;0.0;1.0;2.0;3.0;0.42529356479644775;1.8505871295928955;0.0;0.0;-0.3384357690811157;1.0;2.0;0.0
1.0;0.0;1.0;0.0;1.0;2.0;3.0;0.361878365278244;1.723756730556488;0.0;0.0;-0.2871535122394562;1.0;2.0;0.0
1.0;0.0;1.0;0.0;1.0;2.0;3.0;-0.053237855434417725;1.0;2.0;0.0;0.8054581880569458;2.6109163761138916;0.0;0.0
1.0;0.0;1.0;0.0;1.0;2.0;3.0;0.7077857851982117;2.4155715703964233;0.0;0.0;-0.6092288494110107;1.0;2.0;0.0
1.0;0.0;1.0;0.0;1.0;2.0;3.0;0.625292181968689;2.250584363937378;0.0;0.0;-0.2648112177848816;1.0;2.0;0.0
1.0;0.0;1.0;0.0;1.0;2.0;3.0;-0.6964055299758911;1.0;2.0;0.0;-0.12806130945682526;1.0;2.0;0.0
1.0;0.0;1.0;0.0;1.0;2.0;3.0;-0.49282586574554443;1.0;2.0;0.0;0.7958579659461975;2.591715931892395;0.0;0.0
1.0;0.0;1.0;0.0;1.0;2.0;3.0;-0.3434562087059021;1.0;2.0;0.0;0.7219223380088806;2.4438446760177612;0.0;0.0
1.0;0.0;1.0;0.8576864280811947;1.0;2.0;3.0;0.3113776445388794;1.6227552890777588;1.3772447109222412;0.8576864280811947;0.9556748867034912;2.9113497734069824;0.0;0.0
1.0;0.0;1.0;0.7375168151588554;1.0;2.0;3.0;0.8481605052947998;2.6963210105895996;0.0;0.0;0.7561655640602112;2.5123311281204224;0.48766887187957764;0.7375168151588554
1.0;0.0;1.0;0.0;1.0;2.0;3.0;0.7111326456069946;2.4222652912139893;0.0;0.0;-0.4973362386226654;1.0;2.0;0.0
1.0;0.0;1.0;0.0;1.0;2.0;3.0;0.38655006885528564;1.7731001377105713;0.0;0.0;-0.6491716504096985;1.0;2.0;0.0
1.0;0.0;1.0;0.0;1.0;2.0;3.0;0.9143837094306946;2.828767418861389;0.0;0.0;-0.8657175898551941;1.0;2.0;0.0
1.0;0.0;1.0;0.0;1.0;2.0;3.0;-0.578599750995636;1.0;2.0;0.0;-0.7211711406707764;1.0;2.0;0.0
1.0;0.0;1.0;0.0;1.0;2.0;3.0;-0.7607741355895996;1.0;2.0;0.0;-0.4991282820701599;1.0;2.0;0.0
1.0;0.0;1.0;0.0;1.0;2.0;3.0;-0.2747947573661804;1.0;2.0;0.0;-0.6689494252204895;1.0;2.0;0.0
1.0;0.0;1.0;0.0;1.0;2.0;3.0;-0.48440712690353394;1.0;2.0;0.0;0.34181591868400574;1.6836318373680115;0.0;0.0
1.0;0.0;1.0;0.0;1.0;2.0;3.0;0.44782495498657227;1.8956499099731445;0.0;0.0;-0.7297082543373108;1.0;2.0;0.0
1.0;0.0;1.0;0.0;1.0;2.0;3.0;-0.12875503301620483;1.0;2.0;0.0;-0.8893303275108337;1.0;2.0;0.0
1.0;0.0;1.0;0.49033742877496334;1.0;2.0;3.0;0.14304672181606293;1.2860934436321259;1.7139065563678741;0.49033742877496334;0.9512648582458496;2.902529716491699;0.0;0.0
1.0;0.0;1.0;0.0;1.0;2.0;3.0;-0.13417284190654755;1.0;2.0;0.0;0.8672047257423401;2.73440945148468;0.0;0.0
1.0;0.0;1.0;0.0;1.0;2.0;3.0;0.4815244972705841;1.9630489945411682;0.0;0.0;-0.9523918032646179;1.0;2.0;0.0
1.0;0.0;1.0;0.6730064581986284;1.0;2.0;3.0;0.8345462083816528;2.6690924167633057;0.0;0.0;0.7859167456626892;2.5718334913253784;0.4281665086746216;0.6730064581986284
1.0;0.0;1.0;0.0;1.0;2.0;3.0;0.778310239315033;2.556620478630066;0.0;0.0;-0.9199206829071045;1.0;2.0;0.0
1.0;0.0;1.0;0.9185856700386807;1.0;2.0;3.0;0.6426659822463989;2.285331964492798;0.7146680355072021;0.9185856700386807;0.7488144636154175;2.497628927230835;0.0;0.0
1.0;0.0;1.0;0.0;1.0;2.0;3.0;0.2203301638364792;1.4406603276729584;0.0;0.0;-0.2897453308105469;1.0;2.0;0.0
1.0;0.0;1.0;0.9680459520095042;1.0;2.0;3.0;0.5893784761428833;2.1787569522857666;0.8212430477142334;0.9680459520095042;0.6841710805892944;2.368342161178589;0.0;0.0
1.0;0.0;1.0;0.0;1.0;2.0;3.0;-0.6989883780479431;1.0;2.0;0.0;-0.09466096013784409;1.0;2.0;0.0
1.0;0.0;1.0;0.5951105558144922;1.0;2.0;3.0;0.18184538185596466;1.3636907637119293;1.6363092362880707;0.5951105558144922;0.7660857439041138;2.5321714878082275;0.0;0.0
1.0;0.0;1.0;0.0;1.0;2.0;3.0;0.7392870187759399;2.47857403755188;0.0;0.0;-0.5820519328117371;1.0;2.0;0.0
1.0;0.0;1.0;0.0;1.0;2.0;3.0;-0.857453465461731;1.0;2.0;0.0;-0.06509730964899063;1.0;2.0;0.0
1.0;0.0;1.0;0.0;1.0;2.0;3.0;0.9222596287727356;2.844519257545471;0.0;0.0;-0.5603405833244324;1.0;2.0;0.0
1.0;0.0;1.0;0.6693949601021814;1.0;2.0;3.0;0.904309868812561;2.808619737625122;0.0;0.0;0.7874913215637207;2.5749826431274414;0.4250173568725586;0.6693949601021814
1.0;0.0;1.0;0.0;1.0;2.0;3.0;0.8968128561973572;2.7936257123947144;0.0;0.0;-0.7293089032173157;1.0;2.0;0.0
1.0;0.0;1.0;0.0;1.0;2.0;3.0;-0.5572824478149414;1.0;2.0;0.0;0.09035579115152359;1.1807115823030472;0.0;0.0
1.0;0.0;1.0;0.0;1.0;2.0;3.0;-0.7639744281768799;1.0;2.0;0.0;-0.8103969097137451;1.0;2.0;0.0
1.0;0.0;1.0;0.7996263797971892;1.0;2.0;3.0;0.6138578057289124;2.2277156114578247;0.0;0.0;0.27618443965911865;1.5523688793182373;1.4476311206817627;0.7996263797971892
1.0;0.0;1.0;0.0;1.0;2.0;3.0;-0.8909756541252136;1.0;2.0;0.0;-0.03612507879734039;1.0;2.0;0.0
1.0;0.0;1.0;0.0;1.0;2.0;3.0;-0.5995060801506042;1.0;2.0;0.0;-0.6913840174674988;1.0;2.0;0.0
1.0;0.0;1.0;0.8501230543194964;1.0;2.0;3.0;0.6935697197914124;2.3871394395828247;0.6128605604171753;0.8501230543194964;0.9818452596664429;2.9636905193328857;0.0;0.0
1.0;0.0;1.0;0.0;1.0;2.0;3.0;-0.7997668981552124;1.0;2.0;0.0;-0.498114675283432;1.0;2.0;0.0
1.0;0.0;1.0;0.1146662745489647;1.0;2.0;3.0;0.7830701470375061;2.566140294075012;0.0;0.0;0.02953912876546383;1.0590782575309277;1.9409217424690723;0.1146662745489647
1.0;0.0;1.0;0.6948417359384962;1.0;2.0;3.0;0.2237943410873413;1.4475886821746826;1.5524113178253174;0.6948417359384962;0.6634328365325928;2.3268656730651855;0.0;0.0
1.0;0.0;1.0;0.9804916543789659;1.0;2.0;3.0;0.5698361396789551;2.13967227935791;0.8603277206420898;0.9804916543789659;0.9222898483276367;2.8445796966552734;0.0;0.0
1.0;0.0;1.0;0.0;1.0;2.0;3.0;-0.8427578806877136;1.0;2.0;0.0;0.2922433316707611;1.5844866633415222;0.0;0.0
1.0;0.0;1.0;0.0;1.0;2.0;3.0;-0.11073867976665497;1.0;2.0;0.0;0.10128271579742432;1.2025654315948486;0.0;0.0
1.0;0.0;1.0;0.0;1.0;2.0;3.0;0.7545503377914429;2.5091006755828857;0.0;0.0;-0.3281063735485077;1.0;2.0;0.0
1.0;0.0;1.0;0.0;1.0;2.0;3.0;-0.8072189688682556;1.0;2.0;0.0;-0.7725450396537781;1.0;2.0;0.0
1.0;0.0;1.0;0.43238538946796634;1.0;2.0;3.0;0.14999563992023468;1.2999912798404694;0.0;0.0;0.12329898774623871;1.2465979754924774;1.7534020245075226;0.43238538946796634
1.0;0.0;1.0;0.0;1.0;2.0;3.0;-0.39913520216941833;1.0;2.0;0.0;0.37700575590133667;1.7540115118026733;0.0;0.0
1.0;0.0;1.0;0.0;1.0;2.0;3.0;-0.25416800379753113;1.0;2.0;0.0;-0.9396530985832214;1.0;2.0;0.0
1.0;0.0;1.0;0.0;1.0;2.0;3.0;-0.9010826349258423;1.0;2.0;0.0;-0.5560439229011536;1.0;2.0;0.0
1.0;0.0;1.0;0.0;1.0;2.0;3.0;-0.9418426156044006;1.0;2.0;0.0;0.35345953702926636;1.7069190740585327;0.0;0.0
1.0;0.0;1.0;0.01577207501539787;1.0;2.0;3.0;0.9547793865203857;2.9095587730407715;0.0;0.0;0.003958689980208874;1.0079173799604177;1.9920826200395823;0.01577207501539787
1.0;0.0;1.0;0.9893836100674172;1.0;2.0;3.0;0.6938709616661072;2.3877419233322144;0.0;0.0;0.44848206639289856;1.8969641327857971;1.1030358672142029;0.9893836100674172
1.0;0.0;1.0;0.0;1.0;2.0;3.0;-0.21265308558940887;1.0;2.0;0.0;0.8632338047027588;2.7264676094055176;0.0;0.0
1.0;0.0;1.0;0.5521607456690703;1.0;2.0;3.0;0.9620099663734436;2.924019932746887;0.0;0.0;0.8346039652824402;2.6692079305648804;0.33079206943511963;0.5521607456690703
1.0;0.0;1.0;0.7433617318076671;1.0;2.0;3.0;0.852798581123352;2.705597162246704;0.0;0.0;0.7532973885536194;2.5065947771072388;0.49340522289276123;0.7433617318076671
1.0;0.0;1.0;0.5608482656941538;1.0;2.0;3.0;0.16865737736225128;1.3373147547245026;1.6626852452754974;0.5608482656941538;0.4993714690208435;1.998742938041687;0.0;0.0
1.0;0.0;1.0;0.0;1.0;2.0;3.0;0.6920936107635498;2.3841872215270996;0.0;0.0;-0.8801934719085693;1.0;2.0;0.0
1.0;0.0;1.0;0.6409548475396853;1.0;2.0;3.0;0.8184254765510559;2.636850953102112;0.0;0.0;0.20039811730384827;1.4007962346076965;1.5992037653923035;0.6409548475396853
1.0;0.0;1.0;0.0;1.0;2.0;3.0;0.3832617700099945;1.766523540019989;0.0;0.0;-0.7081078886985779;1.0;2.0;0.0
1.0;0.0;1.0;0.0;1.0;2.0;3.0;0.7210032343864441;2.442006468772888;0.0;0.0;-0.6118887066841125;1.0;2.0;0.0
1.0;0.0;1.0;0.0;1.0;2.0;3.0;-0.7432875037193298;1.0;2.0;0.0;0.7375694513320923;2.4751389026641846;0.0;0.0
1.0;0.0;1.0;0.21441178592606963;1.0;2.0;3.0;0.19647447764873505;1.39294895529747;0.0;0.0;0.0568329282104969;1.1136658564209938;1.8863341435790062;0.21441178592606963
1.0;0.0;1.0;0.0;1.0;2.0;3.0;0.8011016249656677;2.6022032499313354;0.0;0.0;-0.46811529994010925;1.0;2.0;0.0
1.0;0.0;1.0;0.8435121772655378;1.0;2.0;3.0;0.3022072911262512;1.6044145822525024;1.3955854177474976;0.8435121772655378;0.922691822052002;2.845383644104004;0.0;0.0
1.0;0.0;1.0;0.0;1.0;2.0;3.0;-0.9747745990753174;1.0;2.0;0.0;0.4457862079143524;1.8915724158287048;0.0;0.0
1.0;0.0;1.0;0.4162106456587793;1.0;2.0;3.0;0.9045507907867432;2.8091015815734863;0.0;0.0;0.8820305466651917;2.7640610933303833;0.2359389066696167;0.4162106456587793
1.0;0.0;1.0;0.0;1.0;2.0;3.0;-0.4747849404811859;1.0;2.0;0.0;-0.9284109473228455;1.0;2.0;0.0
1.0;0.0;1.0;0.0;1.0;2.0;3.0;-0.19742055237293243;1.0;2.0;0.0;0.5631354451179504;2.126270890235901;0.0;0.0
1.0;0.0;1.0;0.0;1.0;2.0;3.0;-0.6215648055076599;1.0;2.0;0.0;-0.551994800567627;1.0;2.0;0.0
1.0;0.0;1.0;0.08025241571679297;1.0;2.0;3.0;0.020482642576098442;1.0409652851521969;1.9590347148478031;0.08025241571679297;0.19512654840946198;1.390253096818924;0.0;0.0
1.0;0.0;1.0;0.6346732856983373;1.0;2.0;3.0;0.19778868556022644;1.3955773711204529;1.6044226288795471;0.6346732856983373;0.596994161605835;2.19398832321167;0.0;0.0
1.0;0.0;1.0;0.39785456058446456;1.0;2.0;3.0;0.7677261233329773;2.5354522466659546;0.0;0.0;0.11200984567403793;1.2240196913480759;1.7759803086519241;0.39785456058446456
1.0;0.0;1.0;0.0;1.0;2.0;3.0;0.38016268610954285;1.7603253722190857;0.0;0.0;-0.695246160030365;1.0;2.0;0.0
1.0;0.0;1.0;0.0;1.0;2.0;3.0;0.9328712821006775;2.865742564201355;0.0;0.0;-0.06784529983997345;1.0;2.0;0.0
1.0;0.0;1.0;0.7359664740039555;1.0;2.0;3.0;0.2430790364742279;1.4861580729484558;1.5138419270515442;0.7359664740039555;0.31207388639450073;1.6241477727890015;0.0;0.0
1.0;0.0;1.0;0.010158702782043085;1.0;2.0;3.0;0.002546158619225025;1.00509231723845;1.99490768276155;0.010158702782043085;0.4418967366218567;1.8837934732437134;0.0;0.0
1.0;0.0;1.0;0.1076066515261238;1.0;2.0;3.0;0.0638810321688652;1.1277620643377304;0.0;0.0;0.027667133137583733;1.0553342662751675;1.9446657337248325;0.1076066515261238
1.0;0.0;1.0;0.0;1.0;2.0;3.0;0.29214292764663696;1.584285855293274;0.0;0.0;-0.010907712392508984;1.0;2.0;0.0
1.0;0.0;1.0;0.9344112945833416;1.0;2.0;3.0;0.3719485402107239;1.7438970804214478;1.2561029195785522;0.9344112945833416;0.9949856400489807;2.9899712800979614;0.0;0.0
1.0;0.0;1.0;0.0;1.0;2.0;3.0;0.48715683817863464;1.9743136763572693;0.0;0.0;-0.6001478433609009;1.0;2.0;0.0
1.0;0.0;1.0;0.0;1.0;2.0;3.0;-0.6187896728515625;1.0;2.0;0.0;-0.9048402309417725;1.0;2.0;0.0
1.0;0.0;1.0;0.0;1.0;2.0;3.0;-0.7596777677536011;1.0;2.0;0.0;-0.848550021648407;1.0;2.0;0.0
1.0;0.0;1.0;0.993424048867027;1.0;2.0;3.0;0.8268572688102722;2.6537145376205444;0.0;0.0;0.5405461192131042;2.0810922384262085;0.9189077615737915;0.993424048867027
1.0;0.0;1.0;0.0;1.0;2.0;3.0;-0.38561758399009705;1.0;2.0;0.0;0.6266587972640991;2.2533175945281982;0.0;0.0
1.0;0.0;1.0;0.3139543860521614;1.0;2.0;3.0;0.21341043710708618;1.4268208742141724;0.0;0.0;0.08586064726114273;1.1717212945222855;1.8282787054777145;0.3139543860521614
1.0;0.0;1.0;0.0;1.0;2.0;3.0;0.8120460510253906;2.6240921020507812;0.0;0.0;-0.559819221496582;1.0;2.0;0.0
1.0;0.0;1.0;0.8262182121089694;1.0;2.0;3.0;0.633417546749115;2.26683509349823;0.0;0.0;0.29156428575515747;1.583128571510315;1.416871428489685;0.8262182121089694
1.0;0.0;1.0;0.0;1.0;2.0;3.0;-0.9505476355552673;1.0;2.0;0.0;-0.22893626987934113;1.0;2.0;0.0
1.0;0.0;1.0;0.0;1.0;2.0;3.0;-0.31303051114082336;1.0;2.0;0.0;0.8055723309516907;2.6111446619033813;0.0;0.0
1.0;0.0;1.0;0.0;1.0;2.0;3.0;0.6403769850730896;2.280753970146179;0.0;0.0;-0.22881685197353363;1.0;2.0;0.0
1.0;0.0;1.0;0.2800651248799113;1.0;2.0;3.0;0.9674410820007324;2.934882164001465;0.0;0.0;0.9242448806762695;2.848489761352539;0.15151023864746094;0.2800651248799113
1.0;0.0;1.0;0.0;1.0;2.0;3.0;0.516743540763855;2.03348708152771;0.0;0.0;-0.4512167274951935;1.0;2.0;0.0
1.0;0.0;1.0;0.0;1.0;2.0;3.0;0.5080119371414185;2.016023874282837;0.0;0.0;-0.5508053302764893;1.0;2.0;0.0
1.0;0.0;1.0;0.0;1.0;2.0;3.0;-0.13265587389469147;1.0;2.0;0.0;-0.25040462613105774;1.0;2.0;0.0
1.0;0.0;1.0;0.9953648284503629;1.0;2.0;3.0;0.5610058307647705;2.122011661529541;0.0;0.0;0.5340410470962524;2.068082094192505;0.9319179058074951;0.9953648284503629
1.0;0.0;1.0;0.9268072381602757;1.0;2.0;3.0;0.3647291958332062;1.7294583916664124;1.2705416083335876;0.9268072381602757;0.9584254622459412;2.9168509244918823;0.0;0.0
1.0;0.0;1.0;0.0;1.0;2.0;3.0;0.2952832579612732;1.5905665159225464;0.0;0.0;-0.6256546378135681;1.0;2.0;0.0
1.0;0.0;1.0;0.0;1.0;2.0;3.0;-0.8566774725914001;1.0;2.0;0.0;0.018868714570999146;1.0377374291419983;0.0;0.0
1.0;0.0;1.0;0.0;1.0;2.0;3.0;-0.25879037380218506;1.0;2.0;0.0;-0.7290544509887695;1.0;2.0;0.0
1.0;0.0;1.0;0.0;1.0;2.0;3.0;-0.775184154510498;1.0;2.0;0.0;0.8780394196510315;2.756078839302063;0.0;0.0
1.0;0.0;1.0;0.0;1.0;2.0;3.0;-0.689369797706604;1.0;2.0;0.0;-0.16274577379226685;1.0;2.0;0.0
1.0;0.0;1.0;0.0;1.0;2.0;3.0;0.4748510420322418;1.9497020840644836;0.0;0.0;-0.8461176753044128;1.0;2.0;0.0
1.0;0.0;1.0;0.9848688235015146;1.0;2.0;3.0;0.43849557638168335;1.8769911527633667;1.1230088472366333;0.9848688235015146;0.9927789568901062;2.9855579137802124;0.0;0.0
1.0;0.0;1.0;0.0;1.0;2.0;3.0;-0.18626707792282104;1.0;2.0;0.0;0.7269353866577148;2.4538707733154297;0.0;0.0
1.0;0.0;1.0;0.0;1.0;2.0;3.0;-0.3521120250225067;1.0;2.0;0.0;0.28410953283309937;1.5682190656661987;0.0;0.0
1.0;0.0;1.0;0.0;1.0;2.0;3.0;-0.9851491451263428;1.0;2.0;0.0;-0.8596193194389343;1.0;2.0;0.0
1.0;0.0;1.0;0.9996632773110008;1.0;2.0;3.0;0.9775058031082153;2.9550116062164307;0.0;0.0;0.49082499742507935;1.9816499948501587;1.0183500051498413;0.9996632773110008
1.0;0.0;1.0;0.0;1.0;2.0;3.0;-0.7153953313827515;1.0;2.0;0.0;0.7641428112983704;2.5282856225967407;0.0;0.0
1.0;0.0;1.0;0.6307238671532849;1.0;2.0;3.0;0.8014985918998718;2.6029971837997437;0.0;0.0;0.19615952670574188;1.3923190534114838;1.6076809465885162;0.6307238671532849
1.0;0.0;1.0;0.0;1.0;2.0;3.0;0.8820381760597229;2.764076352119446;0.0;0.0;-0.2889561057090759;1.0;2.0;0.0
1.0;0.0;1.0;0.0;1.0;2.0;3.0;0.15553595125675201;1.311071902513504;0.0;0.0;-0.8401040434837341;1.0;2.0;0.0
1.0;0.0;1.0;0.0;1.0;2.0;3.0;-0.11153937131166458;1.0;2.0;0.0;-0.4121687412261963;1.0;2.0;0.0
1.0;0.0;1.0;0.0;1.0;2.0;3.0;-0.988318681716919;1.0;2.0;0.0;0.6299784183502197;2.2599568367004395;0.0;0.0
1.0;0.0;1.0;0.0;1.0;2.0;3.0;-0.019053559750318527;1.0;2.0;0.0;-0.919609785079956;1.0;2.0;0.0
1.0;0.0;1.0;0.0;1.0;2.0;3.0;-0.07873376458883286;1.0;2.0;0.0;-0.9314501881599426;1.0;2.0;0.0
1.0;0.0;1.0;0.0;1.0;2.0;3.0;-0.6681314706802368;1.0;2.0;0.0;0.9804782867431641;2.960956573486328;0.0;0.0
1.0;0.0;1.0;0.9770115832742334;1.0;2.0;3.0;0.8954089283943176;2.7908178567886353;0.0;0.0;0.5758096575737;2.1516193151474;0.8483806848526001;0.9770115832742334
1.0;0.0;1.0;0.0;1.0;2.0;3.0;-0.4301234185695648;1.0;2.0;0.0;0.9553508162498474;2.910701632499695;0.0;0.0
1.0;0.0;1.0;0.0;1.0;2.0;3.0;0.19605715572834015;1.3921143114566803;0.0;0.0;-0.9508925676345825;1.0;2.0;0.0
1.0;0.0;1.0;0.15987702160008155;1.0;2.0;3.0;0.9582911133766174;2.916582226753235;0.08341777324676514;0.15987702160008155;0.9785609245300293;2.9571218490600586;0.0;0.0
1.0;0.0;1.0;0.0;1.0;2.0;3.0;-0.07188677787780762;1.0;2.0;0.0;-0.47834232449531555;1.0;2.0;0.0
1.0;0.0;1.0;0.0;1.0;2.0;3.0;0.1328844130039215;1.265768826007843;0.0;0.0;-0.023459330201148987;1.0;2.0;0.0
1.0;0.0;1.0;0.0;1.0;2.0;3.0;-0.475894957780838;1.0;2.0;0.0;0.7694823741912842;2.5389647483825684;0.0;0.0
1.0;0.0;1.0;0.0;1.0;2.0;3.0;-0.39904963970184326;1.0;2.0;0.0;-0.383430153131485;1.0;2.0;0.0
1.0;0.0;1.0;0.7562801161499202;1.0;2.0;3.0;0.2531600296497345;1.506320059299469;1.493679940700531;0.7562801161499202;0.9556750655174255;2.911350131034851;0.0;0.0
1.0;0.0;1.0;0.0;1.0;2.0;3.0;-0.7068479657173157;1.0;2.0;0.0;0.21820281445980072;1.4364056289196014;0.0;0.0
1.0;0.0;1.0;0.0;1.0;2.0;3.0;-0.04463526979088783;1.0;2.0;0.0;0.5932515859603882;2.1865031719207764;0.0;0.0
1.0;0.0;1.0;0.0;1.0;2.0;3.0;-0.7274969220161438;1.0;2.0;0.0;0.4462015926837921;1.8924031853675842;0.0;0.0
1.0;0.0;1.0;0.0;1.0;2.0;3.0;-0.29962649941444397;1.0;2.0;0.0;-0.22210301458835602;1.0;2.0;0.0
1.0;0.0;1.0;0.9570266328191792;1.0;2.0;3.0;0.9336034059524536;2.8672068119049072;0.0;0.0;0.3963499069213867;1.7926998138427734;1.2073001861572266;0.9570266328191792
1.0;0.0;1.0;0.0;1.0;2.0;3.0;-0.9056519269943237;1.0;2.0;0.0;0.7659751176834106;2.5319502353668213;0.0;0.0
1.0;0.0;1.0;0.0;1.0;2.0;3.0;0.627765953540802;2.255531907081604;0.0;0.0;-0.835862934589386;1.0;2.0;0.0
1.0;0.0;1.0;0.786031300338518;1.0;2.0;3.0;0.3964550197124481;1.7929100394248962;0.0;0.0;0.2687162458896637;1.5374324917793274;1.4625675082206726;0.786031300338518
1.0;0.0;1.0;0.0;1.0;2.0;3.0;0.5508283376693726;2.101656675338745;0.0;0.0;-0.427879273891449;1.0;2.0;0.0
1.0;0.0;1.0;0.8375376720375698;1.0;2.0;3.0;0.7015330791473389;2.4030661582946777;0.5969338417053223;0.8375376720375698;0.7692331075668335;2.538466215133667;0.0;0.0
1.0;0.0;1.0;0.0;1.0;2.0;3.0;-0.1399194896221161;1.0;2.0;0.0;0.08370596170425415;1.1674119234085083;0.0;0.0
1.0;0.0;1.0;0.0;1.0;2.0;3.0;-0.6072701811790466;1.0;2.0;0.0;0.03181608021259308;1.0636321604251862;0.0;0.0
1.0;0.0;1.0;0.0;1.0;2.0;3.0;-0.7414721250534058;1.0;2.0;0.0;-0.27399927377700806;1.0;2.0;0.0
1.0;0.0;1.0;0.5643879668835288;1.0;2.0;3.0;0.16999544203281403;1.339990884065628;1.660009115934372;0.5643879668835288;0.6069186925888062;2.2138373851776123;0.0;0.0
1.0;0.0;1.0;0.6391392193848127;1.0;2.0;3.0;0.19964155554771423;1.3992831110954285;1.6007168889045715;0.6391392193848127;0.5869295001029968;2.1738590002059937;0.0;0.0
1.0;0.0;1.0;0.0;1.0;2.0;3.0;-0.9697948694229126;1.0;2.0;0.0;-0.1150212213397026;1.0;2.0;0.0
1.0;0.0;1.0;0.0;1.0;2.0;3.0;0.9673635959625244;2.934727191925049;0.0;0.0;-0.994098424911499;1.0;2.0;0.0
1.0;0.0;1.0;0.0;1.0;2.0;3.0;-0.1736815720796585;1.0;2.0;0.0;-0.8721438050270081;1.0;2.0;0.0
1.0;0.0;1.0;0.0;1.0;2.0;3.0;-0.4295094609260559;1.0;2.0;0.0;0.48686495423316956;1.9737299084663391;0.0;0.0
1.0;0.0;1.0;0.0;1.0;2.0;3.0;-0.3644176423549652;1.0;2.0;0.0;0.7193881273269653;2.4387762546539307;0.0;0.0
1.0;0.0;1.0;0.0;1.0;2.0;3.0;-0.41194361448287964;1.0;2.0;0.0;-0.49347808957099915;1.0;2.0;0.0
1.0;0.0;1.0;0.0;1.0;2.0;3.0;-0.44174665212631226;1.0;2.0;0.0;-0.5205861330032349;1.0;2.0;0.0
1.0;0.0;1.0;0.0;1.0;2.0;3.0;-0.8889951705932617;1.0;2.0;0.0;0.3051901161670685;1.610380232334137;0.0;0.0
1.0;0.0;1.0;0.42046240360304465;1.0;2.0;3.0;0.29179561138153076;1.5835912227630615;0.0;0.0;0.11936316639184952;1.238726332783699;1.761273667216301;0.42046240360304465
1.0;0.0;1.0;0.1528710931938937;1.0;2.0;3.0;0.03980197012424469;1.0796039402484894;1.9203960597515106;0.1528710931938937;0.7420892715454102;2.4841785430908203;0.0;0.0
1.0;0.0;1.0;0.9408557004333034;1.0;2.0;3.0;0.905338704586029;2.810677409172058;0.0;0.0;0.6215980052947998;2.2431960105895996;0.7568039894104004;0.9408557004333034
1.0;0.0;1.0;0.0;1.0;2.0;3.0;-0.8065938353538513;1.0;2.0;0.0;-0.7214780449867249;1.0;2.0;0.0
1.0;0.0;1.0;0.0;1.0;2.0;3.0;0.05394510552287102;1.107890211045742;0.0;0.0;-0.11250875890254974;1.0;2.0;0.0
1.0;0.0;1.0;0.0;1.0;2.0;3.0;-0.6970012784004211;1.0;2.0;0.0;-0.5143923163414001;1.0;2.0;0.0
1.0;0.0;1.0;0.0;1.0;2.0;3.0;0.47952398657798767;1.9590479731559753;0.0;0.0;-0.23729513585567474;1.0;2.0;0.0
1.0;0.0;1.0;0.0;1.0;2.0;3.0;-0.03534628450870514;1.0;2.0;0.0;0.611340343952179;2.222680687904358;0.0;0.0
1.0;0.0;1.0;0.0;1.0;2.0;3.0;0.16759182512760162;1.3351836502552032;0.0;0.0;-0.8102113008499146;1.0;2.0;0.0
1.0;0.0;1.0;0.0;1.0;2.0;3.0;0.4844813048839569;1.9689626097679138;0.0;0.0;-0.5714820623397827;1.0;2.0;0.0
1.0;0.0;1.0;0.0;1.0;2.0;3.0;-0.5536171197891235;1.0;2.0;0.0;-0.6226232647895813;1.0;2.0;0.0
1.0;0.0;1.0;0.0;1.0;2.0;3.0;0.8775777220726013;2.7551554441452026;0.0;0.0;-0.9010711312294006;1.0;2.0;0.0
1.0;0.0;1.0;0.0;1.0;2.0;3.0;-0.07122932374477386;1.0;2.0;0.0;0.4623909294605255;1.924781858921051;0.0;0.0
1.0;0.0;1.0;0.2576089829561494;1.0;2.0;3.0;0.06918942183256149;1.138378843665123;1.861621156334877;0.2576089829561494;0.3932137191295624;1.7864274382591248;0.0;0.0
1.0;0.0;1.0;0.6579541571207841;1.0;2.0;3.0;0.8926093578338623;2.7852187156677246;0.0;0.0;0.79242342710495;2.5848468542099;0.4151531457901001;0.6579541571207841
1.0;0.0;1.0;0.4464962570602573;1.0;2.0;3.0;0.1280108392238617;1.2560216784477234;1.7439783215522766;0.4464962570602573;0.9506999254226685;2.901399850845337;0.0;0.0
1.0;0.0;1.0;0.3868734883426299;1.0;2.0;3.0;0.9617410898208618;2.9234821796417236;0.0;0.0;0.8915119767189026;2.783023953437805;0.21697604656219482;0.3868734883426299
1.0;0.0;1.0;0.0;1.0;2.0;3.0;-0.8045804500579834;1.0;2.0;0.0;-0.9148463010787964;1.0;2.0;0.0
1.0;0.0;1.0;0.5669718047562133;1.0;2.0;3.0;0.17097561061382294;1.3419512212276459;1.6580487787723541;0.5669718047562133;0.7734024524688721;2.546804904937744;0.0;0.0
1.0;0.0;1.0;0.5345131500952638;1.0;2.0;3.0;0.6582514047622681;2.316502809524536;0.0;0.0;0.1588670164346695;1.317734032869339;1.682265967130661;0.5345131500952638
1.0;0.0;1.0;0.0;1.0;2.0;3.0;-0.8134151101112366;1.0;2.0;0.0;0.6922457218170166;2.384491443634033;0.0;0.0
1.0;0.0;1.0;0.0;1.0;2.0;3.0;-0.9050571918487549;1.0;2.0;0.0;0.4518147110939026;1.9036294221878052;0.0;0.0
1.0;0.0;1.0;0.0;1.0;2.0;3.0;0.821469247341156;2.642938494682312;0.0;0.0;-0.4406050443649292;1.0;2.0;0.0
1.0;0.0;1.0;0.0;1.0;2.0;3.0;-0.14034804701805115;1.0;2.0;0.0;-0.7770078182220459;1.0;2.0;0.0
1.0;0.0;1.0;0.0;1.0;2.0;3.0;0.3684108853340149;1.7368217706680298;0.0;0.0;-0.8744689226150513;1.0;2.0;0.0
1.0;0.0;1.0;0.0;1.0;2.0;3.0;-0.789804995059967;1.0;2.0;0.0;0.7400152087211609;2.4800304174423218;0.0;0.0
1.0;0.0;1.0;0.0;1.0;2.0;3.0;0.4380049407482147;1.8760098814964294;0.0;0.0;-0.6510292887687683;1.0;2.0;0.0
1.0;0.0;1.0;0.0;1.0;2.0;3.0;-0.19360773265361786;1.0;2.0;0.0;-0.1119031012058258;1.0;2.0;0.0
1.0;0.0;1.0;0.0;1.0;2.0;3.0;0.4591464698314667;1.9182929396629333;0.0;0.0;-0.9301628470420837;1.0;2.0;0.0
1.0;0.0;1.0;0.0;1.0;2.0;3.0;0.8196475505828857;2.6392951011657715;0.0;0.0;-0.9242393970489502;1.0;2.0;0.0
1.0;0.0;1.0;0.27546094549882993;1.0;2.0;3.0;0.07440070062875748;1.148801401257515;1.851198598742485;0.27546094549882993;0.6154749989509583;2.2309499979019165;0.0;0.0
1.0;0.0;1.0;0.0;1.0;2.0;3.0;0.45416897535324097;1.908337950706482;0.0;0.0;-0.9768652319908142;1.0;2.0;0.0
1.0;0.0;1.0;0.0;1.0;2.0;3.0;0.9174850583076477;2.8349701166152954;0.0;0.0;-0.6490635871887207;1.0;2.0;0.0
1.0;0.0;1.0;0.0;1.0;2.0;3.0;-0.8661800026893616;1.0;2.0;0.0;-0.8851523995399475;1.0;2.0;0.0
1.0;0.0;1.0;0.3544463503024333;1.0;2.0;3.0;0.09826823323965073;1.1965364664793015;1.8034635335206985;0.3544463503024333;0.6772258281707764;2.3544516563415527;0.0;0.0
1.0;0.0;1.0;0.0;1.0;2.0;3.0;0.7979776263237;2.5959552526474;0.0;0.0;-0.028995463624596596;1.0;2.0;0.0
1.0;0.0;1.0;0.0;1.0;2.0;3.0;0.23126733303070068;1.4625346660614014;0.0;0.0;-0.7575399279594421;1.0;2.0;0.0
1.0;0.0;1.0;0.0;1.0;2.0;3.0;-0.6520252823829651;1.0;2.0;0.0;-0.5568421483039856;1.0;2.0;0.0
1.0;0.0;1.0;0.0;1.0;2.0;3.0;0.5891761779785156;2.1783523559570312;0.0;0.0;-0.15167659521102905;1.0;2.0;0.0
1.0;0.0;1.0;0.9999666386499939;1.0;2.0;3.0;0.5028879642486572;2.0057759284973145;0.9942240715026855;0.9999666386499939;0.7418204545974731;2.4836409091949463;0.0;0.0
1.0;0.0;1.0;0.0;1.0;2.0;3.0;-0.07133883982896805;1.0;2.0;0.0;-0.22721606492996216;1.0;2.0;0.0
1.0;0.0;1.0;0.0;1.0;2.0;3.0;0.4167448580265045;1.833489716053009;0.0;0.0;-0.2140776813030243;1.0;2.0;0.0
1.0;0.0;1.0;0.0;1.0;2.0;3.0;-0.11447001248598099;1.0;2.0;0.0;0.4647904932498932;1.9295809864997864;0.0;0.0
1.0;0.0;1.0;0.0;1.0;2.0;3.0;-0.8286067843437195;1.0;2.0;0.0;-0.5873648524284363;1.0;2.0;0.0
1.0;0.0;1.0;0.0;1.0;2.0;3.0;-0.2583151161670685;1.0;2.0;0.0;0.07051819562911987;1.1410363912582397;0.0;0.0
1.0;0.0;1.0;0.0;1.0;2.0;3.0;-0.4723738431930542;1.0;2.0;0.0;-0.8155019879341125;1.0;2.0;0.0
1.0;0.0;1.0;0.5632162759306771;1.0;2.0;3.0;0.16955192387104034;1.3391038477420807;1.6608961522579193;0.5632162759306771;0.978102445602417;2.956204891204834;0.0;0.0
1.0;0.0;1.0;0.0;1.0;2.0;3.0;-0.5386812686920166;1.0;2.0;0.0;-0.8779821991920471;1.0;2.0;0.0
1.0;0.0;1.0;0.6771052817339296;1.0;2.0;3.0;0.8899762034416199;2.7799524068832397;0.0;0.0;0.7841191291809082;2.5682382583618164;0.4317617416381836;0.6771052817339296
1.0;0.0;1.0;0.0;1.0;2.0;3.0;0.06360406428575516;1.1272081285715103;0.0;0.0;-0.8743105530738831;1.0;2.0;0.0
1.0;0.0;1.0;0.0;1.0;2.0;3.0;-0.9788881540298462;1.0;2.0;0.0;-0.9303126335144043;1.0;2.0;0.0
1.0;0.0;1.0;0.0;1.0;2.0;3.0;-0.2619515061378479;1.0;2.0;0.0;-0.5643559694290161;1.0;2.0;0.0
1.0;0.0;1.0;0.0;1.0;2.0;3.0;0.7980517745018005;2.596103549003601;0.0;0.0;-0.40310588479042053;1.0;2.0;0.0
1.0;0.0;1.0;0.0;1.0;2.0;3.0;-0.9316334128379822;1.0;2.0;0.0;-0.9021461009979248;1.0;2.0;0.0
1.0;0.0;1.0;0.0;1.0;2.0;3.0;0.8075240850448608;2.6150481700897217;0.0;0.0;-0.1658153086900711;1.0;2.0;0.0
1.0;0.0;1.0;0.0;1.0;2.0;3.0;-0.841882586479187;1.0;2.0;0.0;-0.7791561484336853;1.0;2.0;0.0
1.0;0.0;1.0;0.9292394799044672;1.0;2.0;3.0;0.7795564532279968;2.5591129064559937;0.0;0.0;0.6330042481422424;2.266008496284485;0.7339915037155151;0.9292394799044672
1.0;0.0;1.0;0.0;1.0;2.0;3.0;0.8742274045944214;2.7484548091888428;0.0;0.0;-0.7325976490974426;1.0;2.0;0.0
1.0;0.0;1.0;0.0;1.0;2.0;3.0;0.6644712686538696;2.3289425373077393;0.0;0.0;-0.7382625341415405;1.0;2.0;0.0
1.0;0.0;1.0;0.0;1.0;2.0;3.0;-0.1301790177822113;1.0;2.0;0.0;-0.34285402297973633;1.0;2.0;0.0
1.0;0.0;1.0;0.0;1.0;2.0;3.0;-0.2352636754512787;1.0;2.0;0.0;0.85053950548172;2.70107901096344;0.0;0.0
1.0;0.0;1.0;0.0;1.0;2.0;3.0;-0.745297372341156;1.0;2.0;0.0;-0.14893083274364471;1.0;2.0;0.0
1.0;0.0;1.0;0.0;1.0;2.0;3.0;-0.23719094693660736;1.0;2.0;0.0;0.6376549601554871;2.275309920310974;0.0;0.0
1.0;0.0;1.0;0.5675836596981298;1.0;2.0;3.0;0.9263349771499634;2.8526699542999268;0.0;0.0;0.17120814323425293;1.3424162864685059;1.6575837135314941;0.5675836596981298
1.0;0.0;1.0;0.0;1.0;2.0;3.0;-0.06304808706045151;1.0;2.0;0.0;-0.12046113610267639;1.0;2.0;0.0
1.0;0.0;1.0;0.9781384631191372;1.0;2.0;3.0;0.7591696381568909;2.5183392763137817;0.0;0.0;0.5739282369613647;2.1478564739227295;0.8521435260772705;0.9781384631191372
1.0;0.0;1.0;0.0;1.0;2.0;3.0;-0.5730900168418884;1.0;2.0;0.0;0.6447392702102661;2.2894785404205322;0.0;0.0
1.0;0.0;1.0;0.0;1.0;2.0;3.0;0.13141299784183502;1.26282599568367;0.0;0.0;-0.6365334391593933;1.0;2.0;0.0
1.0;0.0;1.0;0.0;1.0;2.0;3.0;-0.7430045008659363;1.0;2.0;0.0;-0.7139422297477722;1.0;2.0;0.0
1.0;0.0;1.0;0.16565807956779638;1.0;2.0;3.0;0.04328840598464012;1.0865768119692802;1.9134231880307198;0.16565807956779638;0.3413536846637726;1.6827073693275452;0.0;0.0
1.0;0.0;1.0;0.0;1.0;2.0;3.0;-0.9027193784713745;1.0;2.0;0.0;0.0028847656212747097;1.0057695312425494;0.0;0.0
1.0;0.0;1.0;0.0;1.0;2.0;3.0;0.12604980170726776;1.2520996034145355;0.0;0.0;-0.508937656879425;1.0;2.0;0.0
1.0;0.0;1.0;0.2620334461744278;1.0;2.0;3.0;0.07047510147094727;1.1409502029418945;1.8590497970581055;0.2620334461744278;0.7413851618766785;2.482770323753357;0.0;0.0
1.0;0.0;1.0;0.0;1.0;2.0;3.0;-0.12559469044208527;1.0;2.0;0.0;-0.19736860692501068;1.0;2.0;0.0
1.0;0.0;1.0;0.9777198200267456;1.0;2.0;3.0;0.9849903583526611;2.9699807167053223;0.0;0.0;0.4253672659397125;1.850734531879425;1.149265468120575;0.9777198200267456
1.0;0.0;1.0;0.0;1.0;2.0;3.0;-0.4353749454021454;1.0;2.0;0.0;-0.7511077523231506;1.0;2.0;0.0
1.0;0.0;1.0;0.0;1.0;2.0;3.0;0.8500239253044128;2.7000478506088257;0.0;0.0;-0.9648342728614807;1.0;2.0;0.0
1.0;0.0;1.0;0.0;1.0;2.0;3.0;-0.6673082113265991;1.0;2.0;0.0;0.8082893490791321;2.616578698158264;0.0;0.0
1.0;0.0;1.0;0.0;1.0;2.0;3.0;0.5627245306968689;2.125449061393738;0.0;0.0;-0.39474427700042725;1.0;2.0;0.0
1.0;0.0;1.0;0.8699052194273804;1.0;2.0;3.0;0.43353351950645447;1.867067039012909;0.0;0.0;0.31965672969818115;1.6393134593963623;1.3606865406036377;0.8699052194273804
1.0;0.0;1.0;0.0;1.0;2.0;3.0;-0.12099207937717438;1.0;2.0;0.0;0.59818434715271;2.19636869430542;0.0;0.0
1.0;0.0;1.0;0.0;1.0;2.0;3.0;-0.7027667760848999;1.0;2.0;0.0;-0.9857223629951477;1.0;2.0;0.0
1.0;0.0;1.0;0.22328993740598818;1.0;2.0;3.0;0.05934422090649605;1.118688441812992;1.881311558187008;0.22328993740598818;0.9671271443367004;2.934254288673401;0.0;0.0
1.0;0.0;1.0;0.0;1.0;2.0;3.0;-0.45388197898864746;1.0;2.0;0.0;-0.30110105872154236;1.0;2.0;0.0
1.0;0.0;1.0;0.0;1.0;2.0;3.0;0.8321443200111389;2.664288640022278;0.0;0.0;-0.704956591129303;1.0;2.0;0.0
1.0;0.0;1.0;0.0;1.0;2.0;3.0;-0.59495609998703;1.0;2.0;0.0;0.021868405863642693;1.0437368117272854;0.0;0.0
1.0;0.0;1.0;0.0;1.0;2.0;3.0;-0.6206609606742859;1.0;2.0;0.0;0.1565013974905014;1.3130027949810028;0.0;0.0
1.0;0.0;1.0;0.0;1.0;2.0;3.0;-0.7544394731521606;1.0;2.0;0.0;0.8252856731414795;2.650571346282959;0.0;0.0
1.0;0.0;1.0;0.0;1.0;2.0;3.0;-0.9297265410423279;1.0;2.0;0.0;-0.485409677028656;1.0;2.0;0.0
1.0;0.0;1.0;0.0;1.0;2.0;3.0;-0.6669620871543884;1.0;2.0;0.0;0.8098646402359009;2.6197292804718018;0.0;0.0
1.0;0.0;1.0;0.0;1.0;2.0;3.0;0.5910571217536926;2.1821142435073853;0.0;0.0;-0.7918926477432251;1.0;2.0;0.0
1.0;0.0;1.0;0.0;1.0;2.0;3.0;-0.9353308081626892;1.0;2.0;0.0;0.809463620185852;2.618927240371704;0.0;0.0
1.0;0.0;1.0;0.8044759710454485;1.0;2.0;3.0;0.7210904955863953;2.4421809911727905;0.5578190088272095;0.8044759710454485;0.8576509356498718;2.7153018712997437;0.0;0.0
1.0;0.0;1.0;0.9923106737104348;1.0;2.0;3.0;0.5438444018363953;2.0876888036727905;0.9123111963272095;0.9923106737104348;0.6497556567192078;2.2995113134384155;0.0;0.0
1.0;0.0;1.0;0.6590984057683613;1.0;2.0;3.0;0.20806610584259033;1.4161322116851807;1.5838677883148193;0.6590984057683613;0.3464038670063019;1.6928077340126038;0.0;0.0
1.0;0.0;1.0;0.7892491831225783;1.0;2.0;3.0;0.7295380234718323;2.4590760469436646;0.5409239530563354;0.7892491831225783;0.7295397520065308;2.4590795040130615;0.0;0.0
1.0;0.0;1.0;0.0;1.0;2.0;3.0;-0.922490656375885;1.0;2.0;0.0;0.5459253787994385;2.091850757598877;0.0;0.0
1.0;0.0;1.0;0.0;1.0;2.0;3.0;-0.003824952058494091;1.0;2.0;0.0;-0.1943657249212265;1.0;2.0;0.0
1.0;0.0;1.0;0.0;1.0;2.0;3.0;-0.7012460231781006;1.0;2.0;0.0;-0.592658281326294;1.0;2.0;0.0
1.0;0.0;1.0;0.0;1.0;2.0;3.0;-0.09442722797393799;1.0;2.0;0.0;-0.443408727645874;1.0;2.0;0.0
1.0;0.0;1.0;0.0;1.0;2.0;3.0;-0.17696599662303925;1.0;2.0;0.0;-0.4491332769393921;1.0;2.0;0.0
1.0;0.0;1.0;0.16990975519651202;1.0;2.0;3.0;0.48167067766189575;1.9633413553237915;0.0;0.0;0.04445355758070946;1.088907115161419;1.911092884838581;0.16990975519651202
1.0;0.0;1.0;0.0;1.0;2.0;3.0;-0.9125062823295593;1.0;2.0;0.0;-0.3162173330783844;1.0;2.0;0.0
1.0;0.0;1.0;0.7831278119620038;1.0;2.0;3.0;0.7328476905822754;2.465695381164551;0.5343046188354492;0.7831278119620038;0.8882034420967102;2.7764068841934204;0.0;0.0
1.0;0.0;1.0;0.0;1.0;2.0;3.0;0.8207180500030518;2.6414361000061035;0.0;0.0;-0.030299147590994835;1.0;2.0;0.0
1.0;0.0;1.0;0.0;1.0;2.0;3.0;-0.3107331395149231;1.0;2.0;0.0;-0.6146572828292847;1.0;2.0;0.0
1.0;0.0;1.0;0.9902267189468006;1.0;2.0;3.0;0.6417772173881531;2.283554434776306;0.0;0.0;0.4505700469017029;1.9011400938034058;1.0988599061965942;0.9902267189468006
1.0;0.0;1.0;0.0;1.0;2.0;3.0;0.31166088581085205;1.623321771621704;0.0;0.0;-0.8405798077583313;1.0;2.0;0.0
1.0;0.0;1.0;0.0;1.0;2.0;3.0;-0.5183601975440979;1.0;2.0;0.0;0.8561198711395264;2.7122397422790527;0.0;0.0
1.0;0.0;1.0;0.0;1.0;2.0;3.0;0.7696807384490967;2.5393614768981934;0.0;0.0;-0.3306931257247925;1.0;2.0;0.0
1.0;0.0;1.0;0.0;1.0;2.0;3.0;0.8888806104660034;2.777761220932007;0.0;0.0;-0.6987467408180237;1.0;2.0;0.0
1.0;0.0;1.0;0.8197956101360973;1.0;2.0;3.0;0.2877475619316101;1.5754951238632202;1.4245048761367798;0.8197956101360973;0.9783011674880981;2.9566023349761963;0.0;0.0
1.0;0.0;1.0;0.0;1.0;2.0;3.0;-0.9299864768981934;1.0;2.0;0.0;-0.6660454273223877;1.0;2.0;0.0
1.0;0.0;1.0;0.0;1.0;2.0;3.0;-0.334518164396286;1.0;2.0;0.0;0.3771517276763916;1.7543034553527832;0.0;0.0
1.0;0.0;1.0;0.0;1.0;2.0;3.0;-0.5767030119895935;1.0;2.0;0.0;0.8765140175819397;2.7530280351638794;0.0;0.0
1.0;0.0;1.0;0.0;1.0;2.0;3.0;0.24920310080051422;1.4984062016010284;0.0;0.0;-0.7618607878684998;1.0;2.0;0.0
1.0;0.0;1.0;0.0;1.0;2.0;3.0;0.8176246285438538;2.6352492570877075;0.0;0.0;-0.33250588178634644;1.0;2.0;0.0
1.0;0.0;1.0;0.9748169619123814;1.0;2.0;3.0;0.5793458223342896;2.158691644668579;0.8413083553314209;0.9748169619123814;0.9015324115753174;2.8030648231506348;0.0;0.0
1.0;0.0;1.0;0.0;1.0;2.0;3.0;-0.8876338601112366;1.0;2.0;0.0;0.7012479305267334;2.402495861053467;0.0;0.0
1.0;0.0;1.0;0.21835697113106306;1.0;2.0;3.0;0.05794711038470268;1.1158942207694054;1.8841057792305946;0.21835697113106306;0.4179823398590088;1.8359646797180176;0.0;0.0
1.0;0.0;1.0;0.0;1.0;2.0;3.0;-0.7023294568061829;1.0;2.0;0.0;-0.8454442620277405;1.0;2.0;0.0
1.0;0.0;1.0;0.0;1.0;2.0;3.0;-0.43780842423439026;1.0;2.0;0.0;0.722722589969635;2.44544517993927;0.0;0.0
1.0;0.0;1.0;0.0;1.0;2.0;3.0;0.7013959884643555;2.402791976928711;0.0;0.0;-0.8079783320426941;1.0;2.0;0.0
1.0;0.0;1.0;0.0;1.0;2.0;3.0;0.964863121509552;2.929726243019104;0.0;0.0;-0.9223141670227051;1.0;2.0;0.0
1.0;0.0;1.0;0.057709139049766475;1.0;2.0;3.0;0.6689493060112;2.3378986120224;0.0;0.0;0.014641663059592247;1.0292833261191845;1.9707166738808155;0.057709139049766475
1.0;0.0;1.0;0.0;1.0;2.0;3.0;-0.08126705139875412;1.0;2.0;0.0;0.41774046421051025;1.8354809284210205;0.0;0.0
1.0;0.0;1.0;0.7566543839107247;1.0;2.0;3.0;0.253349632024765;1.50669926404953;1.49330073595047;0.7566543839107247;0.6637368202209473;2.3274736404418945;0.0;0.0
1.0;0.0;1.0;0.0;1.0;2.0;3.0;0.4786118268966675;1.957223653793335;0.0;0.0;-0.5761001110076904;1.0;2.0;0.0
1.0;0.0;1.0;0.0;1.0;2.0;3.0;-0.8712812066078186;1.0;2.0;0.0;-0.6572582125663757;1.0;2.0;0.0
1.0;0.0;1.0;0.0;1.0;2.0;3.0;-0.6336095929145813;1.0;2.0;0.0;-0.9909374713897705;1.0;2.0;0.0
1.0;0.0;1.0;0.7727102177031497;1.0;2.0;3.0;0.9147360324859619;2.829472064971924;0.0;0.0;0.7383745908737183;2.4767491817474365;0.5232508182525635;0.7727102177031497
1.0;0.0;1.0;0.0;1.0;2.0;3.0;-0.5974183082580566;1.0;2.0;0.0;0.6233994364738464;2.246798872947693;0.0;0.0
1.0;0.0;1.0;0.7371511256819323;1.0;2.0;3.0;0.6973512172698975;2.394702434539795;0.0;0.0;0.24365605413913727;1.4873121082782745;1.5126878917217255;0.7371511256819323
1.0;0.0;1.0;0.0;1.0;2.0;3.0;-0.21067726612091064;1.0;2.0;0.0;-0.22555235028266907;1.0;2.0;0.0
1.0;0.0;1.0;0.0;1.0;2.0;3.0;0.5734039545059204;2.146807909011841;0.0;0.0;-0.8036575317382812;1.0;2.0;0.0
1.0;0.0;1.0;0.0;1.0;2.0;3.0;-0.4843594431877136;1.0;2.0;0.0;-0.05833839997649193;1.0;2.0;0.0
1.0;0.0;1.0;0.0;1.0;2.0;3.0;-0.32852742075920105;1.0;2.0;0.0;0.7941341400146484;2.588268280029297;0.0;0.0
1.0;0.0;1.0;0.9120325154534008;1.0;2.0;3.0;0.4580900967121124;1.9161801934242249;0.0;0.0;0.3517034351825714;1.7034068703651428;1.2965931296348572;0.9120325154534008
1.0;0.0;1.0;0.0;1.0;2.0;3.0;-0.9753645062446594;1.0;2.0;0.0;-0.37715762853622437;1.0;2.0;0.0
1.0;0.0;1.0;0.0;1.0;2.0;3.0;0.1561400443315506;1.3122800886631012;0.0;0.0;-0.7541192173957825;1.0;2.0;0.0
1.0;0.0;1.0;0.0;1.0;2.0;3.0;0.4633610248565674;1.9267220497131348;0.0;0.0;-0.6133834719657898;1.0;2.0;0.0
1.0;0.0;1.0;0.0;1.0;2.0;3.0;-0.5753092169761658;1.0;2.0;0.0;-0.6193463206291199;1.0;2.0;0.0
1.0;0.0;1.0;0.0;1.0;2.0;3.0;0.8686780333518982;2.7373560667037964;0.0;0.0;-0.8773679137229919;1.0;2.0;0.0
1.0;0.0;1.0;0.0;1.0;2.0;3.0;0.7523704767227173;2.5047409534454346;0.0;0.0;-0.6635721325874329;1.0;2.0;0.0
1.0;0.0;1.0;0.0;1.0;2.0;3.0;-0.19348406791687012;1.0;2.0;0.0;0.02511090226471424;1.0502218045294285;0.0;0.0
1.0;0.0;1.0;0.0;1.0;2.0;3.0;-0.04836490377783775;1.0;2.0;0.0;-0.9203702211380005;1.0;2.0;0.0
1.0;0.0;1.0;0.0;1.0;2.0;3.0;-0.7703204154968262;1.0;2.0;0.0;-0.7118610739707947;1.0;2.0;0.0
1.0;0.0;1.0;0.0;1.0;2.0;3.0;-0.12603484094142914;1.0;2.0;0.0;0.735388457775116;2.470776915550232;0.0;0.0
1.0;0.0;1.0;0.0;1.0;2.0;3.0;-0.44162625074386597;1.0;2.0;0.0;-0.9377910494804382;1.0;2.0;0.0
1.0;0.0;1.0;0.0;1.0;2.0;3.0;0.8851870894432068;2.7703741788864136;0.0;0.0;-0.2950569689273834;1.0;2.0;0.0
1.0;0.0;1.0;0.0;1.0;2.0;3.0;-0.38401129841804504;1.0;2.0;0.0;-0.20364706218242645;1.0;2.0;0.0
1.0;0.0;1.0;0.9793545570730515;1.0;2.0;3.0;0.7170833349227905;2.434166669845581;0.0;0.0;0.571842610836029;2.143685221672058;0.8563147783279419;0.9793545570730515
1.0;0.0;1.0;0.9892134675423563;1.0;2.0;3.0;0.5897802114486694;2.179560422897339;0.0;0.0;0.5519291162490845;2.103858232498169;0.896141767501831;0.9892134675423563
1.0;0.0;1.0;0.9286512342307418;1.0;2.0;3.0;0.8822123408317566;2.764424681663513;0.0;0.0;0.36644405126571655;1.732888102531433;1.267111897468567;0.9286512342307418
1.0;0.0;1.0;0.0;1.0;2.0;3.0;-0.2618792653083801;1.0;2.0;0.0;0.28563764691352844;1.5712752938270569;0.0;0.0
1.0;0.0;1.0;0.0;1.0;2.0;3.0;-0.6234709024429321;1.0;2.0;0.0;0.9389266967773438;2.8778533935546875;0.0;0.0
1.0;0.0;1.0;0.0;1.0;2.0;3.0;-0.3122710585594177;1.0;2.0;0.0;0.8526787161827087;2.7053574323654175;0.0;0.0
1.0;0.0;1.0;0.0;1.0;2.0;3.0;0.024064775556325912;1.0481295511126518;0.0;0.0;-0.4533669650554657;1.0;2.0;0.0
1.0;0.0;1.0;0.0;1.0;2.0;3.0;-0.7232030630111694;1.0;2.0;0.0;-0.9468586444854736;1.0;2.0;0.0
1.0;0.0;1.0;0.6956494092835008;1.0;2.0;3.0;0.8211691379547119;2.642338275909424;0.0;0.0;0.2241601049900055;1.448320209980011;1.551679790019989;0.6956494092835008
1.0;0.0;1.0;0.0;1.0;2.0;3.0;0.9911182522773743;2.9822365045547485;0.0;0.0;-0.9603471755981445;1.0;2.0;0.0
1.0;0.0;1.0;0.0;1.0;2.0;3.0;-0.736244797706604;1.0;2.0;0.0;0.028846245259046555;1.057692490518093;0.0;0.0
1.0;0.0;1.0;0.0;1.0;2.0;3.0;-0.9813512563705444;1.0;2.0;0.0;0.6896535754203796;2.3793071508407593;0.0;0.0
1.0;0.0;1.0;0.23134349683041555;1.0;2.0;3.0;0.06163471192121506;1.1232694238424301;1.8767305761575699;0.23134349683041555;0.48645204305648804;1.972904086112976;0.0;0.0
1.0;0.0;1.0;0.7947736568448818;1.0;2.0;3.0;0.7989822030067444;2.5979644060134888;0.0;0.0;0.7265095710754395;2.453019142150879;0.5469808578491211;0.7947736568448818
1.0;0.0;1.0;0.0;1.0;2.0;3.0;-0.36955592036247253;1.0;2.0;0.0;-0.6188916563987732;1.0;2.0;0.0
1.0;0.0;1.0;0.0;1.0;2.0;3.0;0.6773709654808044;2.354741930961609;0.0;0.0;-0.9580366015434265;1.0;2.0;0.0
1.0;0.0;1.0;0.0;1.0;2.0;3.0;-0.48253509402275085;1.0;2.0;0.0;-0.019816001877188683;1.0;2.0;0.0
1.0;0.0;1.0;0.0;1.0;2.0;3.0;-0.2043725997209549;1.0;2.0;0.0;0.6835180521011353;2.3670361042022705;0.0;0.0
1.0;0.0;1.0;0.9999989040088053;1.0;2.0;3.0;0.5005234479904175;2.001046895980835;0.998953104019165;0.9999989040088053;0.6407607793807983;2.2815215587615967;0.0;0.0
1.0;0.0;1.0;0.0;1.0;2.0;3.0;0.6286988854408264;2.257397770881653;0.0;0.0;-0.8874363303184509;1.0;2.0;0.0
1.0;0.0;1.0;0.0;1.0;2.0;3.0;-0.917942464351654;1.0;2.0;0.0;0.08323810994625092;1.1664762198925018;0.0;0.0
1.0;0.0;1.0;0.8977607309454783;1.0;2.0;3.0;0.6609368324279785;2.321873664855957;0.0;0.0;0.6598743796348572;2.3197487592697144;0.6802512407302856;0.8977607309454783
1.0;0.0;1.0;0.0;1.0;2.0;3.0;-0.7174710035324097;1.0;2.0;0.0;-0.1506842076778412;1.0;2.0;0.0
1.0;0.0;1.0;0.0;1.0;2.0;3.0;-0.7600642442703247;1.0;2.0;0.0;-0.4340859353542328;1.0;2.0;0.0
1.0;0.0;1.0;0.7967511442964081;1.0;2.0;3.0;0.8979093432426453;2.7958186864852905;0.0;0.0;0.2745843529701233;1.5491687059402466;1.4508312940597534;0.7967511442964081
1.0;0.0;1.0;0.0;1.0;2.0;3.0;-0.2433953732252121;1.0;2.0;0.0;-0.15418025851249695;1.0;2.0;0.0
1.0;0.0;1.0;0.0;1.0;2.0;3.0;0.4999673664569855;1.999934732913971;0.0;0.0;-0.8810714483261108;1.0;2.0;0.0
1.0;0.0;1.0;0.0;1.0;2.0;3.0;-0.6469475030899048;1.0;2.0;0.0;-0.24529090523719788;1.0;2.0;0.0
1.0;0.0;1.0;0.9965371486539425;1.0;2.0;3.0;0.8246192932128906;2.6492385864257812;0.0;0.0;0.4705770015716553;1.9411540031433105;1.0588459968566895;0.9965371486539425
1.0;0.0;1.0;0.0;1.0;2.0;3.0;0.5141081809997559;2.0282163619995117;0.0;0.0;-0.5679993629455566;1.0;2.0;0.0
1.0;0.0;1.0;0.0;1.0;2.0;3.0;0.07252409309148788;1.1450481861829758;0.0;0.0;-0.9200310707092285;1.0;2.0;0.0
1.0;0.0;1.0;0.0;1.0;2.0;3.0;0.7525666356086731;2.505133271217346;0.0;0.0;-0.23003287613391876;1.0;2.0;0.0
1.0;0.0;1.0;0.0;1.0;2.0;3.0;-0.7428737282752991;1.0;2.0;0.0;-0.4660368859767914;1.0;2.0;0.0
1.0;0.0;1.0;0.0;1.0;2.0;3.0;0.7032512426376343;2.4065024852752686;0.0;0.0;-0.3527785837650299;1.0;2.0;0.0
1.0;0.0;1.0;0.0;1.0;2.0;3.0;0.33235421776771545;1.664708435535431;0.0;0.0;-0.41800254583358765;1.0;2.0;0.0
1.0;0.0;1.0;0.0;1.0;2.0;3.0;-0.6921932101249695;1.0;2.0;0.0;0.13587825000286102;1.271756500005722;0.0;0.0
1.0;0.0;1.0;0.0;1.0;2.0;3.0;-0.30004045367240906;1.0;2.0;0.0;0.8949859142303467;2.7899718284606934;0.0;0.0
1.0;0.0;1.0;0.36872259326031553;1.0;2.0;3.0;0.10273516178131104;1.205470323562622;1.794529676437378;0.36872259326031553;0.47660741209983826;1.9532148241996765;0.0;0.0
1.0;0.0;1.0;0.9196495379137559;1.0;2.0;3.0;0.641730785369873;2.283461570739746;0.7165384292602539;0.9196495379137559;0.8106631636619568;2.6213263273239136;0.0;0.0
1.0;0.0;1.0;0.0;1.0;2.0;3.0;-0.18648487329483032;1.0;2.0;0.0;-0.6526416540145874;1.0;2.0;0.0
1.0;0.0;1.0;0.562441239906966;1.0;2.0;3.0;0.16925887763500214;1.3385177552700043;1.6614822447299957;0.562441239906966;0.9529695510864258;2.9059391021728516;0.0;0.0
1.0;0.0;1.0;0.0;1.0;2.0;3.0;0.15546207129955292;1.3109241425991058;0.0;0.0;-0.72149658203125;1.0;2.0;0.0
1.0;0.0;1.0;0.6744436605469408;1.0;2.0;3.0;0.21471227705478668;1.4294245541095734;1.5705754458904266;0.6744436605469408;0.5106563568115234;2.021312713623047;0.0;0.0
1.0;0.0;1.0;0.0;1.0;2.0;3.0;0.4158083200454712;1.8316166400909424;0.0;0.0;-0.7549035549163818;1.0;2.0;0.0
1.0;0.0;1.0;0.0;1.0;2.0;3.0;0.354998916387558;1.709997832775116;0.0;0.0;-0.9726026654243469;1.0;2.0;0.0
1.0;0.0;1.0;0.0;1.0;2.0;3.0;-0.23731236159801483;1.0;2.0;0.0;0.7345870733261108;2.4691741466522217;0.0;0.0
1.0;0.0;1.0;0.8390725658663882;1.0;2.0;3.0;0.7866948246955872;2.5733896493911743;0.0;0.0;0.7005788087844849;2.4011576175689697;0.5988423824310303;0.8390725658663882
1.0;0.0;1.0;0.0;1.0;2.0;3.0;-0.20237939059734344;1.0;2.0;0.0;0.6920185089111328;2.3840370178222656;0.0;0.0
1.0;0.0;1.0;0.0;1.0;2.0;3.0;0.7873296737670898;2.5746593475341797;0.0;0.0;-0.9452077746391296;1.0;2.0;0.0
1.0;0.0;1.0;0.0;1.0;2.0;3.0;-0.0893583670258522;1.0;2.0;0.0;0.5279352068901062;2.0558704137802124;0.0;0.0
1.0;0.0;1.0;0.0;1.0;2.0;3.0;-0.45129796862602234;1.0;2.0;0.0;-0.03795507177710533;1.0;2.0;0.0
1.0;0.0;1.0;0.6057498181144183;1.0;2.0;3.0;0.9548049569129944;2.9096099138259888;0.0;0.0;0.8139467239379883;2.6278934478759766;0.37210655212402344;0.6057498181144183
1.0;0.0;1.0;0.993858277797699;1.0;2.0;3.0;0.7051225304603577;2.4102450609207153;0.0;0.0;0.4608154296875;1.921630859375;1.078369140625;0.993858277797699
1.0;0.0;1.0;0.8193012156252415;1.0;2.0;3.0;0.28745660185813904;1.574913203716278;1.425086796283722;0.8193012156252415;0.9904633164405823;2.9809266328811646;0.0;0.0
1.0;0.0;1.0;0.6700399116149214;1.0;2.0;3.0;0.8501566052436829;2.7003132104873657;0.0;0.0;0.21278923749923706;1.4255784749984741;1.5744215250015259;0.6700399116149214
1.0;0.0;1.0;0.0;1.0;2.0;3.0;-0.9517543911933899;1.0;2.0;0.0;0.2780819535255432;1.5561639070510864;0.0;0.0
1.0;0.0;1.0;0.0;1.0;2.0;3.0;-0.9342796206474304;1.0;2.0;0.0;0.5566914677619934;2.113382935523987;0.0;0.0
1.0;0.0;1.0;0.0;1.0;2.0;3.0;0.7072451710700989;2.4144903421401978;0.0;0.0;-0.08642131835222244;1.0;2.0;0.0
1.0;0.0;1.0;0.0;1.0;2.0;3.0;0.4121178090572357;1.8242356181144714;0.0;0.0;-0.1500161737203598;1.0;2.0;0.0
1.0;0.0;1.0;0.0;1.0;2.0;3.0;0.2892102599143982;1.5784205198287964;0.0;0.0;-0.16973403096199036;1.0;2.0;0.0
1.0;0.0;1.0;0.0;1.0;2.0;3.0;-0.47773510217666626;1.0;2.0;0.0;-0.8416783213615417;1.0;2.0;0.0
1.0;0.0;1.0;0.0;1.0;2.0;3.0;0.8976621031761169;2.795324206352234;0.0;0.0;-0.03678395599126816;1.0;2.0;0.0
1.0;0.0;1.0;0.0;1.0;2.0;3.0;-0.7167332172393799;1.0;2.0;0.0;-0.856782853603363;1.0;2.0;0.0
1.0;0.0;1.0;0.0;1.0;2.0;3.0;0.6258443593978882;2.2516887187957764;0.0;0.0;-0.9072256684303284;1.0;2.0;0.0
1.0;0.0;1.0;0.9115471433673861;1.0;2.0;3.0;0.9807532429695129;2.961506485939026;0.0;0.0;0.6487051248550415;2.297410249710083;0.702589750289917;0.9115471433673861
1.0;0.0;1.0;0.0;1.0;2.0;3.0;-0.30984318256378174;1.0;2.0;0.0;-0.7508327960968018;1.0;2.0;0.0
1.0;0.0;1.0;0.6793530099855616;1.0;2.0;3.0;0.9757002592086792;2.9514005184173584;0.0;0.0;0.7831284999847412;2.5662569999694824;0.4337430000305176;0.6793530099855616
1.0;0.0;1.0;0.0;1.0;2.0;3.0;0.9121752381324768;2.8243504762649536;0.0;0.0;-0.9260898232460022;1.0;2.0;0.0
1.0191419254988432;0.0;1.0;0.0;1.0191419254988432;2.019141925498843;3.019141925498843;0.031413134187459946;1.06282626837492;0.0;0.0;-0.5003688335418701;1.0;2.0;0.0
1.0191419254988432;0.0;1.0;0.9270207341902122;1.0191419254988432;2.019141925498843;3.019141925498843;0.4131687581539154;1.8612971329807375;0.0;0.0;0.358072429895401;1.7489951768421403;1.2701467486567029;0.9270207341902122
1.0191419254988432;0.0;1.0;0.0;1.0191419254988432;2.019141925498843;3.019141925498843;0.36932623386383057;1.771933623733284;0.0;0.0;-0.35791146755218506;1.0191419254988432;2.0;0.0
1.0191419254988432;0.0;1.0;0.0;1.0191419254988432;2.019141925498843;3.019141925498843;-0.9446942806243896;1.0191419254988432;2.0;0.0;-0.7251861095428467;1.0191419254988432;2.0;0.0
1.0191419254988432;0.0;1.0;0.0;1.0191419254988432;2.019141925498843;3.019141925498843;-0.49029049277305603;1.0191419254988432;2.0;0.0;-0.8780503273010254;1.0191419254988432;2.0;0.0
1.0191419254988432;0.0;1.0;0.7591089097575765;1.0191419254988432;2.019141925498843;3.019141925498843;0.24981477856636047;1.5283353543912188;1.4908065711076244;0.7591089097575765;0.32107383012771606;1.6735815284261413;0.0;0.0
1.0191419254988432;0.0;1.0;0.0;1.0191419254988432;2.019141925498843;3.019141925498843;-0.012426912784576416;1.0191419254988432;2.0;0.0;0.5753592252731323;2.1918873428956087;0.0;0.0
1.0191419254988432;0.0;1.0;0.0;1.0191419254988432;2.019141925498843;3.019141925498843;0.15785594284534454;1.3408971445845228;0.0;0.0;-0.49200597405433655;1.0191419254988432;2.0;0.0
1.0191419254988432;0.0;1.0;0.8353513226826037;1.0191419254988432;2.019141925498843;3.019141925498843;0.8875752091407776;2.8282721408363845;0.0;0.0;0.2915348410606384;1.6133726840359197;1.4057692414629235;0.8353513226826037
1.0191419254988432;0.0;1.0;0.0;1.0191419254988432;2.019141925498843;3.019141925498843;0.38342875242233276;1.800678559569474;0.0;0.0;-0.4107474088668823;1.0191419254988432;2.0;0.0
1.0191419254988432;0.0;1.0;0.0;1.0191419254988432;2.019141925498843;3.019141925498843;-0.7991106510162354;1.0191419254988432;2.0;0.0;0.7358245849609375;2.518961294191797;0.0;0.0
1.0191419254988432;0.0;1.0;0.0;1.0191419254988432;2.019141925498843;3.019141925498843;-0.8561350107192993;1.0191419254988432;2.0;0.0;-0.05688181146979332;1.0191419254988432;2.0;0.0
1.0191419254988432;0.0;1.0;0.0;1.0191419254988432;2.019141925498843;3.019141925498843;0.09075883775949478;1.2041341988393404;0.0;0.0;-0.24515898525714874;1.0191419254988432;2.0;0.0
1.0191419254988432;0.0;1.0;0.0;1.0191419254988432;2.019141925498843;3.019141925498843;-0.8121019005775452;1.0191419254988432;2.0;0.0;0.9231817126274109;2.9008483018836815;0.0;0.0
1.0191419254988432;0.0;1.0;0.0;1.0191419254988432;2.019141925498843;3.019141925498843;0.6590868830680847;2.3625480756609205;0.0;0.0;-0.9540034532546997;1.0191419254988432;2.0;0.0
1.0191419254988432;0.0;1.0;0.0;1.0191419254988432;2.019141925498843;3.019141925498843;-0.6557334661483765;1.0191419254988432;2.0;0.0;-0.6428348422050476;1.0191419254988432;2.0;0.0
1.0191419254988432;0.0;1.0;0.0;1.0191419254988432;2.019141925498843;3.019141925498843;-0.7727125287055969;1.0191419254988432;2.0;0.0;0.09578151255846024;1.2143718357708848;0.0;0.0
1.0191419254988432;0.0;1.0;0.0;1.0191419254988432;2.019141925498843;3.019141925498843;0.30091938376426697;1.6325010458777238;0.0;0.0;-0.4837024509906769;1.0191419254988432;2.0;0.0
1.0191419254988432;0.0;1.0;0.0;1.0191419254988432;2.019141925498843;3.019141925498843;0.011898299679160118;1.0433940375892061;0.0;0.0;-0.9106059074401855;1.0191419254988432;2.0;0.0
1.0191419254988432;0.0;1.0;0.0;1.0191419254988432;2.019141925498843;3.019141925498843;-0.7545526027679443;1.0191419254988432;2.0;0.0;-0.3758426904678345;1.0191419254988432;2.0;0.0
1.0191419254988432;0.0;1.0;0.0;1.0191419254988432;2.019141925498843;3.019141925498843;-0.6988899111747742;1.0191419254988432;2.0;0.0;0.7976400256156921;2.644958708620689;0.0;0.0
1.0191419254988432;0.0;1.0;0.0;1.0191419254988432;2.019141925498843;3.019141925498843;-0.021112781018018723;1.0191419254988432;2.0;0.0;0.6097611784934998;2.2620082885874613;0.0;0.0
1.0191419254988432;0.0;1.0;0.0;1.0191419254988432;2.019141925498843;3.019141925498843;-0.29268261790275574;1.0191419254988432;2.0;0.0;0.9750620126724243;3.006595079650347;0.0;0.0
1.0191419254988432;0.0;1.0;0.0;1.0191419254988432;2.019141925498843;3.019141925498843;0.07888977974653244;1.1799416895649646;0.0;0.0;-0.1476493775844574;1.0191419254988432;2.0;0.0
1.0191419254988432;0.0;1.0;0.0;1.0191419254988432;2.019141925498843;3.019141925498843;0.006805486045777798;1.0330134378041422;0.0;0.0;-0.9198986887931824;1.0191419254988432;2.0;0.0
1.0191419254988432;0.0;1.0;0.0;1.0191419254988432;2.019141925498843;3.019141925498843;-0.627958357334137;1.0191419254988432;2.0;0.0;0.7417575716972351;2.531054405244576;0.0;0.0
1.0191419254988432;0.0;1.0;0.7682534853147014;1.0191419254988432;2.019141925498843;3.019141925498843;0.938502848148346;2.932077124994951;0.0;0.0;0.7267881631851196;2.5005425016153437;0.5185994238834994;0.7682534853147014
1.0191419254988432;0.0;1.0;0.0;1.0191419254988432;2.019141925498843;3.019141925498843;-0.3341940939426422;1.0191419254988432;2.0;0.0;0.822342038154602;2.695308421865892;0.0;0.0
1.0191419254988432;0.0;1.0;0.0;1.0191419254988432;2.019141925498843;3.019141925498843;-0.10217524319887161;1.0191419254988432;2.0;0.0;0.8862302303314209;2.8255306922493384;0.0;0.0
1.0191419254988432;0.0;1.0;0.0;1.0191419254988432;2.019141925498843;3.019141925498843;0.8909211158752441;2.835092048500192;0.0;0.0;-0.7879826426506042;1.0191419254988432;2.0;0.0
1.0191419254988432;0.0;1.0;0.0;1.0191419254988432;2.019141925498843;3.019141925498843;0.6726824641227722;2.39025972896962;0.0;0.0;-0.7182320356369019;1.0191419254988432;2.0;0.0
1.0191419254988432;0.0;1.0;0.0;1.0191419254988432;2.019141925498843;3.019141925498843;-0.33990591764450073;1.0191419254988432;2.0;0.0;0.17556016147136688;1.3769833675044765;0.0;0.0
1.0191419254988432;0.0;1.0;0.0;1.0191419254988432;2.019141925498843;3.019141925498843;0.8741909861564636;2.800991295269305;0.0;0.0;-0.95257169008255;1.0191419254988432;2.0;0.0
1.0191419254988432;0.0;1.0;0.0;1.0191419254988432;2.019141925498843;3.019141925498843;0.8742023706436157;2.801014500085619;0.0;0.0;-0.9348582029342651;1.0191419254988432;2.0;0.0
1.0191419254988432;0.0;1.0;0.0;1.0191419254988432;2.019141925498843;3.019141925498843;-0.7980760931968689;1.0191419254988432;2.0;0.0;0.1643388420343399;1.354111133309098;0.0;0.0
1.0191419254988432;0.0;1.0;0.0;1.0191419254988432;2.019141925498843;3.019141925498843;0.8118980526924133;2.674020614958258;0.0;0.0;-0.6169513463973999;1.0191419254988432;2.0;0.0
1.0191419254988432;0.0;1.0;0.7914099430584891;1.0191419254988432;2.019141925498843;3.019141925498843;0.7146779894828796;2.475858530125291;0.5432833953735523;0.7914099430584891;0.8704715371131897;2.793410002349791;0.0;0.0
1.0191419254988432;0.0;1.0;0.0;1.0191419254988432;2.019141925498843;3.019141925498843;-0.8279879689216614;1.0191419254988432;2.0;0.0;0.03093457780778408;1.082195375881881;0.0;0.0
1.0191419254988432;0.0;1.0;0.0;1.0191419254988432;2.019141925498843;3.019141925498843;0.4855998158454895;2.008932188184155;0.0;0.0;-0.798416018486023;1.0191419254988432;2.0;0.0
1.0191419254988432;0.0;1.0;0.0;1.0191419254988432;2.019141925498843;3.019141925498843;0.09175823628902435;1.2061712567227914;0.0;0.0;-0.8128148913383484;1.0191419254988432;2.0;0.0
1.0191419254988432;0.0;1.0;0.9997262090089295;1.0191419254988432;2.019141925498843;3.019141925498843;0.6657421588897705;2.3761134168921982;0.0;0.0;0.4987267255783081;2.0356885563060634;0.9834533691927798;0.9997262090089295
1.0191419254988432;0.0;1.0;0.0;1.0191419254988432;2.019141925498843;3.019141925498843;-0.7889463901519775;1.0191419254988432;2.0;0.0;0.31018173694610596;1.6513803507905034;0.0;0.0
1.0191419254988432;0.0;1.0;0.0;1.0191419254988432;2.019141925498843;3.019141925498843;0.7511596083641052;2.5502184247491453;0.0;0.0;-0.6456632614135742;1.0191419254988432;2.0;0.0
1.0191419254988432;0.0;1.0;0.0;1.0191419254988432;2.019141925498843;3.019141925498843;-0.9827555418014526;1.0191419254988432;2.0;0.0;-0.9277881383895874;1.0191419254988432;2.0;0.0
1.0191419254988432;0.0;1.0;0.0;1.0191419254988432;2.019141925498843;3.019141925498843;-0.32798054814338684;1.0191419254988432;2.0;0.0;0.09191204607486725;1.2064847647254004;0.0;0.0
1.0191419254988432;0.0;1.0;0.8821148330244403;1.0191419254988432;2.019141925498843;3.019141925498843;0.7742173075675964;2.5972165606767836;0.0;0.0;0.32216116786003113;1.6757978313664994;1.3433440941323438;0.8821148330244403
1.0191419254988432;0.0;1.0;0.8332333946918125;1.0191419254988432;2.019141925498843;3.019141925498843;0.2902585566043854;1.6107712540394599;1.4083706714593833;0.8332333946918125;0.515665590763092;2.0702147716664356;0.0;0.0
1.0191419254988432;0.0;1.0;0.0;1.0191419254988432;2.019141925498843;3.019141925498843;0.3379293382167816;1.7079378383644443;0.0;0.0;-0.11303512006998062;1.0191419254988432;2.0;0.0
1.0191419254988432;0.0;1.0;0.0;1.0191419254988432;2.019141925498843;3.019141925498843;-0.9299279451370239;1.0191419254988432;2.0;0.0;-0.37558478116989136;1.0191419254988432;2.0;0.0
1.0191419254988432;0.0;1.0;0.9097234304383198;1.0191419254988432;2.019141925498843;3.019141925498843;0.7209651470184326;2.488673541798687;0.0;0.0;0.6380174160003662;2.3196025211876625;0.6995394043111807;0.9097234304383198
1.0191419254988432;0.0;1.0;0.0;1.0191419254988432;2.019141925498843;3.019141925498843;0.9560143351554871;2.967770506168562;0.0;0.0;-0.4770480990409851;1.0191419254988432;2.0;0.0
1.0191419254988432;0.0;1.0;0.8960028739126584;1.0191419254988432;2.019141925498843;3.019141925498843;0.6488232016563416;2.3416277795875793;0.6775141459112639;0.8960028739126584;0.6875773072242737;2.4206196471265553;0.0;0.0
1.0191419254988432;0.0;1.0;0.9997688310882872;1.0191419254988432;2.019141925498843;3.019141925498843;0.4831494688987732;2.0039376855733213;1.015204239925522;0.9997688310882872;0.7257497310638428;2.498425882192188;0.0;0.0
1.0191419254988432;0.0;1.0;0.1366762684685165;1.0191419254988432;2.019141925498843;3.019141925498843;0.03475857526063919;1.0899897681362918;1.9291521573625514;0.1366762684685165;0.7957728505134583;2.6411528757628213;0.0;0.0
1.0191419254988432;0.0;1.0;0.0;1.0191419254988432;2.019141925498843;3.019141925498843;-0.8738225698471069;1.0191419254988432;2.0;0.0;-0.060817547142505646;1.0191419254988432;2.0;0.0
1.0191419254988432;0.0;1.0;0.0;1.0191419254988432;2.019141925498843;3.019141925498843;0.04730762541294098;1.1155682944070886;0.0;0.0;-0.6235057711601257;1.0191419254988432;2.0;0.0
1.0191419254988432;0.0;1.0;0.28077054604799395;1.0191419254988432;2.019141925498843;3.019141925498843;0.5918225049972534;2.2254441800917424;0.0;0.0;0.07453624904155731;1.1710679582341912;1.848073967264652;0.28077054604799395
1.0191419254988432;0.0;1.0;0.6105236589196494;1.0191419254988432;2.019141925498843;3.019141925498843;0.18442946672439575;1.3950615291712942;1.624080396327549;0.6105236589196494;0.686884880065918;2.4192082840316864;0.0;0.0
1.0191419254988432;0.0;1.0;0.0;1.0191419254988432;2.019141925498843;3.019141925498843;0.1991165429353714;1.4249979594304982;0.0;0.0;-0.4916149377822876;1.0191419254988432;2.0;0.0
1.0191419254988432;0.0;1.0;0.27767714898288515;1.0191419254988432;2.019141925498843;3.019141925498843;0.3224519193172455;1.6763904653663935;0.0;0.0;0.07364244759082794;1.1692461371711713;1.8498957883276719;0.27767714898288515
1.0191419254988432;0.0;1.0;0.9389342213425644;1.0191419254988432;2.019141925498843;3.019141925498843;0.6118455529212952;2.2662568353230697;0.7528850901757735;0.9389342213425644;0.9657927751541138;2.987701742505713;0.0;0.0
1.0191419254988432;0.0;1.0;0.0;1.0191419254988432;2.019141925498843;3.019141925498843;-0.8113706707954407;1.0191419254988432;2.0;0.0;0.01473402138799429;1.0491740433542465;0.0;0.0
1.0191419254988432;0.0;1.0;0.0;1.0191419254988432;2.019141925498843;3.019141925498843;-0.004224627278745174;1.0191419254988432;2.0;0.0;-0.4453156590461731;1.0191419254988432;2.0;0.0
1.0191419254988432;0.0;1.0;0.0;1.0191419254988432;2.019141925498843;3.019141925498843;-0.0039015847723931074;1.0191419254988432;2.0;0.0;-0.9687924385070801;1.0191419254988432;2.0;0.0
1.0191419254988432;0.0;1.0;0.0;1.0191419254988432;2.019141925498843;3.019141925498843;-0.6191811561584473;1.0191419254988432;2.0;0.0;-0.9450466632843018;1.0191419254988432;2.0;0.0
1.0191419254988432;0.0;1.0;0.6008706928523173;1.0191419254988432;2.019141925498843;3.019141925498843;0.8404068350791931;2.7321296057088382;0.0;0.0;0.8005591630935669;2.6509087394006836;0.3682331860981596;0.6008706928523173
1.0191419254988432;0.0;1.0;0.0;1.0191419254988432;2.019141925498843;3.019141925498843;0.8989648222923279;2.8514874053923;0.0;0.0;-0.8388186693191528;1.0191419254988432;2.0;0.0
1.0191419254988432;0.0;1.0;0.0;1.0191419254988432;2.019141925498843;3.019141925498843;-0.6844916343688965;1.0191419254988432;2.0;0.0;0.1639222949743271;1.3532620921634932;0.0;0.0
1.0191419254988432;0.0;1.0;0.9339787518140287;1.0191419254988432;2.019141925498843;3.019141925498843;0.4818534851074219;2.0012961027402554;0.0;0.0;0.36454883217811584;1.7621959230275626;1.2569460024712806;0.9339787518140287
1.0191419254988432;0.0;1.0;0.0;1.0191419254988432;2.019141925498843;3.019141925498843;-0.62190842628479;1.0191419254988432;2.0;0.0;0.18778462707996368;1.401900298341556;0.0;0.0
1.0191419254988432;0.0;1.0;0.0;1.0191419254988432;2.019141925498843;3.019141925498843;-0.6840968728065491;1.0191419254988432;2.0;0.0;-0.6477035284042358;1.0191419254988432;2.0;0.0
