,monopoly,nash,metric,prices_0,actions_0,rewards_0,prices_1,actions_1,rewards_1,prices_2,actions_2,rewards_2,prices_3,actions_3,rewards_3,prices_4,actions_4,rewards_4
0,2.0,1.0,0.4807262551063507,2.0159757770597935,0.0,0.0,2.8627449750900267,0.0,0.0,1.2793934881687168,0.0,0.4807262551063507,2.864733499288559,0.0,0.0,1.8253712326288225,0.0,0.0
1,2.0,1.0,0.5654010251729575,1.8888349130749704,0.0,0.0,1.340758788585663,0.0,0.5654010251729575,3.336904513835907,0.0,0.0,2.4701153546571732,0.0,0.0,3.292087209224701,0.0,0.0
2,2.0,1.0,0.0,1.3629612505435946,0.0,0.0,1.446939688920975,0.0,0.0,0.9762391269207003,0.0,-0.04808632524809009,2.0071503885090354,0.0,0.0,2.0021156460046767,0.0,0.0
3,2.0,1.0,0.0,3.114835572242737,0.0,0.0,0.9302954077720644,0.0,-0.14426791463353392,2.2377916492521766,0.0,0.0,2.2163721159100533,0.0,0.0,2.313043677806854,0.0,0.0
4,2.0,1.0,0.3388329066592628,1.1868781805038453,0.0,0.3388329066592628,2.2216409049928187,0.0,0.0,2.990430110692978,0.0,0.0,2.944030928611755,0.0,0.0,1.6036996006965638,0.0,0.0
5,2.0,1.0,0.0,2.460293263196945,0.0,0.0,3.1596993684768675,0.0,0.0,3.0343436181545256,0.0,0.0,0.9788061618804933,0.0,-0.042836855013249256,1.0812125623226168,0.0,0.0
6,2.0,1.0,0.3392237355557883,1.4187428295612337,0.0,0.0,1.7345750689506532,0.0,0.0,1.1871185421943666,0.0,0.3392237355557883,1.2804693043231965,0.0,0.0,1.8296670198440552,0.0,0.0
7,2.0,1.0,0.249481040972223,2.3946230128407477,0.0,0.0,1.133675026893616,0.0,0.249481040972223,2.9398748874664307,0.0,0.0,3.0461004972457886,0.0,0.0,2.0830675947479906,0.0,0.0
8,2.0,1.0,0.0,1.610077437758446,0.0,0.0,2.6784473776817324,0.0,0.0,0.8199792325496675,0.0,-0.3924490116140716,0.92426273226738,0.0,0.0,1.98514201939106,0.0,0.0
9,2.0,1.0,0.11483080550999604,1.393974804878235,0.0,0.0,2.122575472481549,0.0,0.0,1.059165692329407,0.0,0.11483080550999604,2.476112347841263,0.0,0.0,2.7720694184303283,0.0,0.0
10,2.0,1.0,0.0,3.2027966380119324,0.0,0.0,3.3058240115642548,0.0,0.0,0.9112907946109774,0.0,-0.18528773389879702,3.0832170844078064,0.0,0.0,3.3714003682136537,0.0,0.0
11,2.0,1.0,0.057320888272430405,2.2390143401920795,0.0,0.0,1.1152164578437809,0.0,0.0,1.3445289492607118,0.0,0.0,3.25811213850975,0.0,0.0,1.0290833652019502,0.0,0.057320888272430405
12,2.0,1.0,0.8539949431293152,1.9615797840058804,0.0,0.0,1.9527996376156809,0.0,0.0,1.617893919348717,0.0,0.8539949431293152,3.295539289712906,0.0,0.0,3.215594619512558,0.0,0.0
13,2.0,1.0,0.0,2.871545296907425,0.0,0.0,1.7754164293408397,0.0,0.0,0.8056330800056459,0.0,-0.4265123395767998,2.6959677070379255,0.0,0.0,3.2678716599941255,0.0,0.0
14,2.0,1.0,0.09514455432194732,1.2949988663196565,0.0,0.0,1.0487610995769503,0.0,0.09514455432194732,1.5674213737249376,0.0,0.0,1.1899991631507876,0.0,0.0,1.5430866897106172,0.0,0.0
15,2.0,1.0,0.0,2.7228361457586288,0.0,0.0,1.2227587103843691,0.0,0.0,3.3518309593200684,0.0,0.0,0.8444877564907076,0.0,-0.3352085448998782,1.2318345725536348,0.0,0.0
16,2.0,1.0,0.0,0.8365627169609073,0.0,-0.35358631156538584,1.3406581342220307,0.0,0.0,2.3589352682232856,0.0,0.0,1.1662050604820253,0.0,0.0,2.330363628268242,0.0,0.0
17,2.0,1.0,0.2604108937339186,2.7082978665828703,0.0,0.0,1.6114668011665345,0.0,0.0,3.060158556699753,0.0,0.0,3.281918096542358,0.0,0.0,1.140006333589554,0.0,0.2604108937339186
18,2.0,1.0,0.05787241214891312,1.451356935501099,0.0,0.0,3.107201725244522,0.0,0.0,1.973630499839783,0.0,0.0,1.0293674290180208,0.0,0.05787241214891312,1.657105651497841,0.0,0.0
19,2.0,1.0,0.0,2.1102134032174944,0.0,0.0,1.1471423327922823,0.0,0.0,2.3236353024840355,0.0,0.0,0.823875850439072,0.0,-0.3832680151804162,2.2316969074308872,0.0,0.0
20,2.0,1.0,0.8989328733316825,1.68208943605423,0.0,0.8989328733316825,3.163303166627884,0.0,0.0,2.2779532343149187,0.0,0.0,3.1536515057086945,0.0,0.0,3.2171104013919827,0.0,0.0
21,2.0,1.0,0.0,2.2584591031074526,0.0,0.0,2.379602809250355,0.0,0.0,0.9679927527904513,0.0,-0.06503895829303062,2.2113883785903456,0.0,0.0,3.345430535078049,0.0,0.0
22,2.0,1.0,0.0,3.0329328298568727,0.0,0.0,0.8424588620662692,0.0,-0.3399014860089164,2.8876092374324798,0.0,0.0,2.666617274284363,0.0,0.0,3.292271393537521,0.0,0.0
23,2.0,1.0,0.6046675057099279,1.591320663690567,0.0,0.0,1.4748085111379625,0.0,0.0,1.6320229947566989,0.0,0.0,1.3712452828884127,0.0,0.6046675057099279,3.2216638684272763,0.0,0.0
24,2.0,1.0,0.0,2.9002328753471374,0.0,0.0,3.3867617428302763,0.0,0.0,0.9035058498382571,0.0,-0.20229942133892279,2.735302138328552,0.0,0.0,1.7498875886201861,0.0,0.0
25,2.0,1.0,0.38688094648391225,2.7339240103960036,0.0,0.0,2.9485272109508514,0.0,0.0,1.335591244697571,0.0,0.0,1.2169808089733127,0.0,0.38688094648391225,2.788464844226837,0.0,0.0
26,2.0,1.0,0.0,1.2221945345401766,0.0,0.0,0.922749197483063,0.0,0.0,3.122174972295761,0.0,0.0,3.1848321199417113,0.0,0.0,0.8705034613609317,0.0,-0.27576243079763624
27,2.0,1.0,0.0,3.349924647808075,0.0,0.0,1.973879075050354,0.0,0.0,0.9271507143974307,0.0,-0.15100558961794333,3.35542111992836,0.0,0.0,2.303807923197746,0.0,0.0
28,2.0,1.0,0.0,1.8739914357662202,0.0,0.0,0.912305784225464,0.0,-0.18307870702938278,2.1348435463383795,0.0,0.0,3.1118506550788876,0.0,0.0,3.2094381988048553,0.0,0.0
29,2.0,1.0,0.414548471325347,2.065728591196239,0.0,0.0,3.019400900602341,0.0,0.0,3.273802363872528,0.0,0.0,1.234851956367493,0.0,0.414548471325347,2.062501055561006,0.0,0.0
30,2.0,1.0,0.12656177546900163,1.0654208302497865,0.0,0.12656177546900163,2.4815863490104677,0.0,0.0,2.372428338229656,0.0,0.0,1.155881750583649,0.0,0.0,2.433099189400673,0.0,0.0
31,2.0,1.0,0.46479953641864097,2.6428136795759203,0.0,0.0,1.2684260368347169,0.0,0.46479953641864097,1.4317652106285097,0.0,0.0,3.0901551842689514,0.0,0.0,2.213651416450739,0.0,0.0
32,2.0,1.0,0.0,0.9995615720748903,0.0,-0.0008770480692649761,1.8091793045401574,0.0,0.0,2.428017383813858,0.0,0.0,2.379251816868782,0.0,0.0,2.828430360555649,0.0,0.0
33,2.0,1.0,0.7179738253293149,2.192481940239668,0.0,0.0,2.108429994247854,0.0,0.0,3.113566118478775,0.0,0.0,1.4689386337995531,0.0,0.7179738253293149,1.6055222660303117,0.0,0.0
34,2.0,1.0,0.0,1.8663853675127031,0.0,0.0,2.5579585641622544,0.0,0.0,1.0991349279880527,0.0,0.0,2.3723122835159303,0.0,0.0,0.9560589730739597,0.0,-0.08981286769939559
35,2.0,1.0,0.08628378885117646,2.061251382529736,0.0,0.0,2.9190135538578033,0.0,0.0,1.04411495923996,0.0,0.08628378885117646,2.277515748143196,0.0,0.0,3.2374827206134795,0.0,0.0
36,2.0,1.0,0.25096035143177214,1.134529232978821,0.0,0.25096035143177214,2.105152872996405,0.0,0.0,1.4185031652450564,0.0,0.0,1.9293887227773667,0.0,0.0,2.4799204766750336,0.0,0.0
37,2.0,1.0,0.9598660138674247,2.2003346852958203,0.0,0.9598660138674247,3.343497025966644,0.0,0.0,3.194867879152298,0.0,0.0,2.324397939443588,0.0,0.0,2.802366924285889,0.0,0.0
38,2.0,1.0,0.0,0.9149773478507999,0.0,-0.17727415567688412,2.4499571293592455,0.0,0.0,0.9259100854396822,0.0,0.0,1.218269091844559,0.0,0.0,1.3874544322490694,0.0,0.0
39,2.0,1.0,0.8043358319591051,2.2659098312258723,0.0,0.0,1.5576605737209321,0.0,0.8043358319591051,3.116549563407898,0.0,0.0,2.0533727668225765,0.0,0.0,1.7229211688041688,0.0,0.0
40,2.0,1.0,0.0,2.9660935282707213,0.0,0.0,0.9073201000690463,0.0,-0.19394936371311902,2.799007439613342,0.0,0.0,0.9347007215023044,0.0,0.0,1.0410017251968386,0.0,0.0
41,2.0,1.0,0.0,3.0003093481063843,0.0,0.0,0.9220989346504214,0.0,-0.1618707066817566,1.1919685482978823,0.0,0.0,2.899242603778839,0.0,0.0,1.3811335861682894,0.0,0.0
42,2.0,1.0,0.6094377909697366,1.375050234794617,0.0,0.6094377909697366,2.892934000492096,0.0,0.0,1.8918535754084589,0.0,0.0,1.7639286398887637,0.0,0.0,2.725183701515198,0.0,0.0
43,2.0,1.0,0.39991917587139353,2.7656393945217133,0.0,0.0,2.916102868318558,0.0,0.0,1.2253511607646943,0.0,0.39991917587139353,1.8602231159806253,0.0,0.0,3.119172543287277,0.0,0.0
44,2.0,1.0,0.18956446874339578,3.363612711429596,0.0,0.0,2.1651444543153047,0.0,0.0,1.1826431035995486,0.0,0.0,1.0997580707073213,0.0,0.18956446874339578,2.3835473522543906,0.0,0.0
45,2.0,1.0,0.0,1.0899932801723482,0.0,0.0,2.3478695064783097,0.0,0.0,1.5216455280780794,0.0,0.0,1.313451546430588,0.0,0.0,0.9443075180053713,0.0,-0.1144866165399795
46,2.0,1.0,0.7953936004460898,2.84296333193779,0.0,0.0,1.778736996650696,0.0,0.0,1.547665610909462,0.0,0.7953936004460898,3.3085091352462768,0.0,0.0,1.8250689789652825,0.0,0.0
47,2.0,1.0,0.6392467711422649,2.0805660536512733,0.0,0.0,2.782612091302872,0.0,0.0,3.3601582288742065,0.0,0.0,1.3993726372718813,0.0,0.6392467711422649,2.514431518316269,0.0,0.0
48,2.0,1.0,0.942993078695956,3.193498158454895,0.0,0.0,2.2387612223625184,0.0,0.942993078695956,3.2136391043663024,0.0,0.0,3.071228677034378,0.0,0.0,3.2781095802783966,0.0,0.0
49,2.0,1.0,0.14559597622814544,3.3135919094085695,0.0,0.0,1.0756602227687837,0.0,0.14559597622814544,3.2037669181823727,0.0,0.0,1.9221142560243607,0.0,0.0,1.7165127247571947,0.0,0.0
50,2.0,1.0,0.0,2.9683010280132294,0.0,0.0,0.8461428582668307,0.0,-0.33138630352863924,1.3082994997501376,0.0,0.0,3.239061343669891,0.0,0.0,1.2313419938087464,0.0,0.0
51,2.0,1.0,0.0,0.840284448862076,0.0,0.0,0.8252169013023378,0.0,0.0,0.8241964876651766,0.0,-0.3825138996189072,2.697213760018349,0.0,0.0,0.906426686048508,0.0,0.0
52,2.0,1.0,0.0032515872797840286,2.880610156059265,0.0,0.0,1.2947537779808047,0.0,0.0,1.0263167262077333,0.0,0.0,1.0016271173954012,0.0,0.0032515872797840286,1.9598340913653374,0.0,0.0
53,2.0,1.0,0.4980239945732453,2.8712389945983885,0.0,0.0,1.7164483726024629,0.0,0.0,2.236206614226103,0.0,0.0,1.291497349739075,0.0,0.4980239945732453,3.152680218219757,0.0,0.0
54,2.0,1.0,0.4154476477499546,2.2506722889840605,0.0,0.0,3.167085027694702,0.0,0.0,1.235439765453339,0.0,0.4154476477499546,2.6969268679618836,0.0,0.0,1.2961715400218967,0.0,0.0
55,2.0,1.0,0.675231870762059,2.94472473859787,0.0,0.0,3.209342193603516,0.0,0.0,3.069322520494461,0.0,0.0,1.5680047661066057,0.0,0.0,1.4301156878471377,0.0,0.675231870762059
56,2.0,1.0,0.4425793320317724,2.4566590905189516,0.0,0.0,1.2533939003944399,0.0,0.4425793320317724,1.737818828225136,0.0,0.0,3.359094423055649,0.0,0.0,1.5592342764139175,0.0,0.0
57,2.0,1.0,0.9928442307174512,3.3508053541183473,0.0,0.0,2.6592857778072356,0.0,0.0,2.2428846031427385,0.0,0.0,2.5652622044086457,0.0,0.0,2.084591780230403,0.0,0.9928442307174512
58,2.0,1.0,0.0,1.1162356317043307,0.0,0.0,0.8215577006340029,0.0,-0.38872625293501833,1.5687106251716614,0.0,0.0,2.0050831966102125,0.0,0.0,2.7805621206760405,0.0,0.0
59,2.0,1.0,0.0,3.2467147946357726,0.0,0.0,3.2120496332645416,0.0,0.0,2.690547287464142,0.0,0.0,0.9025149583816532,0.0,-0.20447341657602444,0.9362355649471286,0.0,0.0
60,2.0,1.0,0.0,2.4366788506507873,0.0,0.0,1.6454238563776018,0.0,0.0,1.4585739076137545,0.0,0.0,1.2380807995796206,0.0,0.0,0.9807017803192142,0.0,-0.03896886064441951
61,2.0,1.0,0.45874947511780345,3.2896612763404844,0.0,0.0,2.2795311212539673,0.0,0.0,3.0193651795387266,0.0,0.0,1.7517656952142717,0.0,0.0,1.2643026947975162,0.0,0.45874947511780345
62,2.0,1.0,0.04598195967340078,1.440898257493973,0.0,0.0,1.0689459025859835,0.0,0.0,1.0232615292072298,0.0,0.04598195967340078,1.9122523173689843,0.0,0.0,2.455312189459801,0.0,0.0
63,2.0,1.0,0.32544899029146523,3.3461430191993715,0.0,0.0,1.178689455986023,0.0,0.32544899029146523,2.2969758048653603,0.0,0.0,2.7418398678302767,0.0,0.0,2.9174439191818236,0.0,0.0
64,2.0,1.0,0.0,1.166627281904221,0.0,0.0,2.7939111053943635,0.0,0.0,3.154645186662674,0.0,0.0,0.8542340278625491,0.0,-0.3127796629080779,2.2354762986302377,0.0,0.0
65,2.0,1.0,0.0,1.9559957720339298,0.0,0.0,3.0891614258289337,0.0,0.0,0.9145081698894504,0.0,-0.1782925132367503,1.9056674957275392,0.0,0.0,3.255364096164703,0.0,0.0
66,2.0,1.0,0.996359050599167,2.7064226657152175,0.0,0.0,2.174361055344343,0.0,0.0,2.6860772728919984,0.0,0.0,3.007834482192993,0.0,0.0,1.939659719914198,0.0,0.996359050599167
67,2.0,1.0,0.9988921756211243,2.8667809903621673,0.0,0.0,3.1173869550228117,0.0,0.0,1.966716004163027,0.0,0.9988921756211243,2.695624327659607,0.0,0.0,2.92030788064003,0.0,0.0
68,2.0,1.0,0.2855086683863195,3.3687265574932095,0.0,0.0,3.2364835381507873,0.0,0.0,1.3147560238838198,0.0,0.0,2.924487090110779,0.0,0.0,1.1547241091728213,0.0,0.2855086683863195
69,2.0,1.0,0.0793970781919825,1.2723283886909487,0.0,0.0,1.040519452095032,0.0,0.0793970781919825,2.8580779910087584,0.0,0.0,1.5989897280931475,0.0,0.0,1.366622853279114,0.0,0.0
70,2.0,1.0,0.0,0.8655118882656101,0.0,-0.28706327566666157,2.333043986558914,0.0,0.0,1.2168249070644381,0.0,0.0,2.5686985164880753,0.0,0.0,2.505336594581604,0.0,0.0
71,2.0,1.0,0.08551554492249382,2.308849513530731,0.0,0.0,1.0437131941318514,0.0,0.08551554492249382,3.021025240421295,0.0,0.0,2.9000772833824158,0.0,0.0,1.0602277159690858,0.0,0.0
72,2.0,1.0,0.46325597812720515,2.8191914677619936,0.0,0.0,1.267371839284897,0.0,0.46325597812720515,2.2299830615520477,0.0,0.0,3.2732295870780943,0.0,0.0,3.150377023220062,0.0,0.0
73,2.0,1.0,0.3099958388523788,2.473200926184654,0.0,0.0,2.397010125219822,0.0,0.0,2.356255258619785,0.0,0.0,1.1693351089954378,0.0,0.3099958388523788,2.291486345231533,0.0,0.0
74,2.0,1.0,0.38011139350649753,2.167606534436345,0.0,0.0,1.2126699507236482,0.0,0.38011139350649753,1.593284121155739,0.0,0.0,2.6124863028526306,0.0,0.0,2.3819866672158243,0.0,0.0
75,2.0,1.0,0.0,2.7797172129154206,0.0,0.0,0.8912622809410098,0.0,-0.2292993296641323,2.5563740909099577,0.0,0.0,1.2020365417003633,0.0,0.0,1.8813297122716905,0.0,0.0
76,2.0,1.0,0.7147660549131515,1.5682120025157928,0.0,0.0,1.4659270226955416,0.0,0.7147660549131515,2.7334896236658097,0.0,0.0,2.748117244243622,0.0,0.0,1.8674352645874024,0.0,0.0
77,2.0,1.0,0.800350279157086,1.5531782001256944,0.0,0.800350279157086,2.880030560493469,0.0,0.0,2.526491677761078,0.0,0.0,3.3756772875785828,0.0,0.0,2.705083280801773,0.0,0.0
78,2.0,1.0,0.19395579410811414,1.1022003531455997,0.0,0.19395579410811414,2.9630021452903748,0.0,0.0,1.252432453632355,0.0,0.0,1.8666553288698198,0.0,0.0,2.689529779553413,0.0,0.0
79,2.0,1.0,0.9710802365679706,3.234328109025955,0.0,0.0,2.76573423743248,0.0,0.0,3.200382483005524,0.0,0.0,2.6004696518182753,0.0,0.0,1.8299418821930886,0.0,0.9710802365679706
80,2.0,1.0,0.26135697678741426,1.71108715236187,0.0,0.0,1.7477834165096284,0.0,0.0,1.441620582342148,0.0,0.0,1.7315204918384555,0.0,0.0,1.1405565619468692,0.0,0.26135697678741426
81,2.0,1.0,0.0,1.2607326030731203,0.0,0.0,0.9282697677612308,0.0,0.0,2.7703830897808075,0.0,0.0,0.8909073948860171,0.0,-0.23008640671852118,0.924180364608765,0.0,0.0
82,2.0,1.0,0.11245714658731054,1.0579050719738008,0.0,0.11245714658731054,2.028196279332042,0.0,0.0,1.4243289530277254,0.0,0.0,2.570024845004082,0.0,0.0,2.77633975148201,0.0,0.0
83,2.0,1.0,0.0,1.4480261206626894,0.0,0.0,1.5814602941274645,0.0,0.0,0.8843113183975222,0.0,-0.24476123425587512,1.2729459524154665,0.0,0.0,1.0926889419555665,0.0,0.0
84,2.0,1.0,0.0,1.1826382994651796,0.0,0.0,1.356278854608536,0.0,0.0,3.1856055855751038,0.0,0.0,2.6954195320606233,0.0,0.0,0.8159982323646549,0.0,-0.4018601857636218
85,2.0,1.0,0.39788658968975843,1.6270595490932467,0.0,0.0,1.2240403294563296,0.0,0.39788658968975843,1.285021609067917,0.0,0.0,2.549618238210678,0.0,0.0,1.3426228702068332,0.0,0.0
86,2.0,1.0,0.9082025021135537,2.454238000512123,0.0,0.0,2.525479555130005,0.0,0.0,3.3664506375789642,0.0,0.0,1.6970189809799197,0.0,0.9082025021135537,3.167531889677048,0.0,0.0
87,2.0,1.0,0.15571316827600315,1.330878156423569,0.0,0.0,3.252393049001694,0.0,0.0,3.1051822066307064,0.0,0.0,1.0811491787433627,0.0,0.15571316827600315,3.194120991230011,0.0,0.0
88,2.0,1.0,0.0,1.146308118104935,0.0,0.0,2.7621608912944793,0.0,0.0,3.242146450281143,0.0,0.0,1.5651065945625307,0.0,0.0,0.9359534382820132,0.0,-0.13219508550386957
89,2.0,1.0,0.0,1.3285642683506014,0.0,0.0,1.1889771997928622,0.0,0.0,0.9096624255180361,0.0,-0.18883602632721216,1.2658318042755128,0.0,0.0,1.823433655500412,0.0,0.0
90,2.0,1.0,0.0,1.9206436291337015,0.0,0.0,1.0777587771415713,0.0,0.0,3.1415567100048065,0.0,0.0,1.8231292322278023,0.0,0.0,0.8344850838184359,0.0,-0.35842501984171843
91,2.0,1.0,0.0,2.1167969778180122,0.0,0.0,0.8730835914611819,0.0,-0.26994059183402846,2.543908601999283,0.0,0.0,1.9236990973353387,0.0,0.0,3.366568648815155,0.0,0.0
92,2.0,1.0,0.0,1.5828556627035142,0.0,0.0,2.61141137778759,0.0,0.0,1.9815851390361787,0.0,0.0,1.937267290055752,0.0,0.0,0.8300937950611118,0.0,-0.36868052835451187
93,2.0,1.0,0.10973569727038408,1.0564618170261386,0.0,0.10973569727038408,1.4809571832418444,0.0,0.0,2.2270611211657525,0.0,0.0,2.221325546503067,0.0,0.0,3.209740084409714,0.0,0.0
94,2.0,1.0,0.0,1.2070964574813845,0.0,0.0,1.4294003367424013,0.0,0.0,0.837591886520386,0.0,-0.3511926222832353,1.515222477912903,0.0,0.0,1.3876691460609438,0.0,0.0
95,2.0,1.0,0.0,3.3271411180496218,0.0,0.0,0.8799004256725313,0.0,-0.2546230564085765,1.084612262248993,0.0,0.0,1.7731122851371768,0.0,0.0,2.8826560974121094,0.0,0.0
96,2.0,1.0,0.0,1.5623467743396762,0.0,0.0,2.828504204750061,0.0,0.0,2.7103616297245026,0.0,0.0,2.2188778303563597,0.0,0.0,0.8826509475708011,0.0,-0.24846890496442867
97,2.0,1.0,0.0,0.8701185882091524,0.0,-0.27663200471047883,2.4164627239108087,0.0,0.0,1.9932964079082014,0.0,0.0,1.388132667541504,0.0,0.0,2.8667322516441347,0.0,0.0
98,2.0,1.0,0.5000202221089765,1.6609498888254168,0.0,0.0,3.304592603445053,0.0,0.0,3.3438105344772335,0.0,0.0,2.125521147809923,0.0,0.0,1.2929075181484224,0.0,0.5000202221089765
99,2.0,1.0,0.7682341739323628,2.7638852655887605,0.0,0.0,1.6847990453243258,0.0,0.0,1.688164457678795,0.0,0.0,1.5427488505840303,0.0,0.0,1.5185793668031695,0.0,0.7682341739323628
100,2.0,1.0,0.0,3.082668250799179,0.0,0.0,0.9749664187431337,0.0,-0.05069384270427668,2.818407541513443,0.0,0.0,1.6197010874748232,0.0,0.0,1.090112376213074,0.0,0.0
101,2.0,1.0,0.31640335560346994,3.3518621087074276,0.0,0.0,1.1732009649276736,0.0,0.31640335560346994,2.267884039878845,0.0,0.0,1.633841320872307,0.0,0.0,2.4428302347660065,0.0,0.0
102,2.0,1.0,0.0,1.0461914300918582,0.0,0.0,2.0802917978726327,0.0,0.0,0.8355919718742373,0.0,-0.35584605596372704,0.962389659881592,0.0,0.0,1.501051637530327,0.0,0.0
103,2.0,1.0,0.0,1.0817748785018924,0.0,0.0,1.3496021151542665,0.0,0.0,0.9797693133354188,0.0,-0.040870654012082785,2.9562707006931306,0.0,0.0,1.3439956903457644,0.0,0.0
104,2.0,1.0,0.3339653677893603,1.4322025418281557,0.0,0.0,2.1689413912594318,0.0,0.0,1.1838905513286593,0.0,0.3339653677893603,2.561305069923401,0.0,0.0,1.2612440884113314,0.0,0.0
105,2.0,1.0,0.0,1.8042931318283082,0.0,0.0,1.980065879970789,0.0,0.0,2.5321304529905317,0.0,0.0,1.4223749101161958,0.0,0.0,0.8435310363769535,0.0,-0.33742046382336327
106,2.0,1.0,0.6124166116238252,2.0809461892582477,0.0,0.0,1.4026159703731538,0.0,0.0,2.6233001381158827,0.0,0.0,1.3774380445480348,0.0,0.6124166116238252,2.4081065133213997,0.0,0.0
107,2.0,1.0,0.11279320310375548,1.0580834448337557,0.0,0.11279320310375548,2.0490749020129444,0.0,0.0,1.6093430638313295,0.0,0.0,3.0242036402225496,0.0,0.0,1.973736646026373,0.0,0.0
108,2.0,1.0,0.20885763660861473,3.209878087043762,0.0,0.0,1.871350207924843,0.0,0.0,1.7281073093414308,0.0,0.0,1.22745196223259,0.0,0.0,1.110538160800934,0.0,0.20885763660861473
109,2.0,1.0,0.0,3.343104326725006,0.0,0.0,1.8264080539345742,0.0,0.0,2.191325403004885,0.0,0.0,1.6379189074039462,0.0,0.0,0.8639850258827213,0.0,-0.2905300214186814
110,2.0,1.0,0.8857060620884843,2.39320982247591,0.0,0.0,2.702022930979729,0.0,0.0,1.6619261354207995,0.0,0.8857060620884843,2.8935302555561067,0.0,0.0,3.1211677312850954,0.0,0.0
111,2.0,1.0,0.440079431181493,1.4504243910312655,0.0,0.0,2.5013903081417084,0.0,0.0,1.2517215967178346,0.0,0.440079431181493,2.5631709724664686,0.0,0.0,1.619519227743149,0.0,0.0
112,2.0,1.0,0.0,0.848528963327408,0.0,-0.3258855482958537,2.07779499553144,0.0,0.0,1.9207040295004845,0.0,0.0,2.713286340236664,0.0,0.0,2.7561856329441072,0.0,0.0
113,2.0,1.0,0.3316292419603432,3.0499816954135897,0.0,0.0,2.731936144828796,0.0,0.0,1.9841770179569722,0.0,0.0,1.1824605464935305,0.0,0.3316292419603432,1.775884948670864,0.0,0.0
114,2.0,1.0,0.0,3.272358798980713,0.0,0.0,2.9399988651275635,0.0,0.0,0.8543089568614963,0.0,-0.3126079663277927,3.3869654536247253,0.0,0.0,2.758177489042282,0.0,0.0
115,2.0,1.0,0.0,2.355379821360111,0.0,0.0,1.469776722788811,0.0,0.0,1.0083794832229616,0.0,0.0,0.8460533618927004,0.0,-0.33159284359913904,1.224057298898697,0.0,0.0
116,2.0,1.0,0.0,2.9905028700828553,0.0,0.0,2.021889840811491,0.0,0.0,2.908383786678314,0.0,0.0,0.9780575692653659,0.0,-0.044366331735812385,1.171272259950638,0.0,0.0
117,2.0,1.0,0.0,1.8619517520070077,0.0,0.0,2.7895999372005464,0.0,0.0,0.8551459610462191,0.0,-0.3106907705087853,1.1942263364791872,0.0,0.0,3.1995495080947878,0.0,0.0
118,2.0,1.0,0.20190097592603226,1.1066361188888552,0.0,0.20190097592603226,2.0837458239868285,0.0,0.0,2.666664308309555,0.0,0.0,2.290575361251831,0.0,0.0,3.3816626965999603,0.0,0.0
119,2.0,1.0,0.0,2.0498522806912662,0.0,0.0,0.9103876948356631,0.0,-0.18725497556554013,1.4565612852573397,0.0,0.0,1.7048651397228243,0.0,0.0,2.6277226537466047,0.0,0.0
120,2.0,1.0,0.1863839603970499,1.849340744316578,0.0,0.0,2.725307524204254,0.0,0.0,2.328775668144226,0.0,0.0,3.068154031038284,0.0,0.0,1.097993326187134,0.0,0.1863839603970499
121,2.0,1.0,0.9743250490755186,2.8209389328956602,0.0,0.0,2.093897191155702,0.0,0.0,3.381916695833206,0.0,0.0,1.839765949547291,0.0,0.9743250490755186,2.739449307322502,0.0,0.0
122,2.0,1.0,0.6512449394537867,1.9424909241497517,0.0,0.0,3.226566797494888,0.0,0.0,1.4094451248645785,0.0,0.6512449394537867,1.854774007201195,0.0,0.0,2.145965662226081,0.0,0.0
123,2.0,1.0,0.9785767137302139,2.5587674021720885,0.0,0.0,3.2494802713394164,0.0,0.0,2.146366957575083,0.0,0.9785767137302139,2.2789816677570345,0.0,0.0,2.1578645199537276,0.0,0.0
124,2.0,1.0,0.844473564158794,2.579697698354721,0.0,0.0,1.6056315988302232,0.0,0.844473564158794,2.8058404684066773,0.0,0.0,3.121170365810394,0.0,0.0,2.1698058981448414,0.0,0.0
125,2.0,1.0,0.0,2.9186682760715486,0.0,0.0,1.671635910868645,0.0,0.0,1.1237816095352176,0.0,0.0,2.816833955049515,0.0,0.0,0.8489366948604586,0.0,-0.32494673243876493
126,2.0,1.0,0.4190030693061899,2.611847314238548,0.0,0.0,1.9144974753260613,0.0,0.0,3.0178622603416443,0.0,0.0,1.237768453359604,0.0,0.4190030693061899,1.8563354089856148,0.0,0.0
127,2.0,1.0,0.6372955000759568,1.6432989954948427,0.0,0.0,3.1403531968593597,0.0,0.0,2.0597005382180216,0.0,0.0,1.813639110326767,0.0,0.0,1.3977504670619967,0.0,0.6372955000759568
128,2.0,1.0,0.3871759033943819,2.8699018955230713,0.0,0.0,1.7344107210636142,0.0,0.0,3.277916872501373,0.0,0.0,1.223766261339188,0.0,0.0,1.2171691775321962,0.0,0.3871759033943819
129,2.0,1.0,0.0,0.9455585300922396,0.0,-0.11184681346123847,2.506358015537262,0.0,0.0,2.1047879963880405,0.0,0.0,1.8657547667622567,0.0,0.0,1.2464653313159944,0.0,0.0
130,2.0,1.0,0.3272829952059625,2.732229855656624,0.0,0.0,1.9373469263315202,0.0,0.0,1.1798067271709445,0.0,0.3272829952059625,1.8537367209792137,0.0,0.0,1.470570605993271,0.0,0.0
131,2.0,1.0,0.7167016868938898,1.4677422493696215,0.0,0.7167016868938898,2.476560139656067,0.0,0.0,2.699075052142143,0.0,0.0,3.0063500821590425,0.0,0.0,2.10383761045523,0.0,0.0
132,2.0,1.0,0.06551493070742297,3.151877152919769,0.0,0.0,1.0333123207092287,0.0,0.06551493070742297,2.9603170216083527,0.0,0.0,1.7583133041858674,0.0,0.0,1.5729436486959458,0.0,0.0
133,2.0,1.0,0.0,0.9478447556495668,0.0,0.0,2.341614678502083,0.0,0.0,0.888037467002869,0.0,-0.23646067478939564,3.115561461448669,0.0,0.0,1.6331129521131518,0.0,0.0
134,2.0,1.0,0.0,1.6868519991636277,0.0,0.0,3.224663507938385,0.0,0.0,1.6356121867895128,0.0,0.0,3.3107083439826965,0.0,0.0,0.8287373244762424,0.0,-0.3718562550750711
135,2.0,1.0,0.0,1.4143551826477052,0.0,0.0,0.8447191298007968,0.0,-0.33467388904822826,2.0528618287295104,0.0,0.0,3.000267118215561,0.0,0.0,2.048939931020141,0.0,0.0
136,2.0,1.0,0.0,3.03952100276947,0.0,0.0,2.0397095810621977,0.0,0.0,0.8510088264942173,0.0,-0.3201807167941957,1.433321285247803,0.0,0.0,1.882272969186306,0.0,0.0
137,2.0,1.0,0.13437638820485584,2.1921195283532144,0.0,0.0,3.2674168169498445,0.0,0.0,2.2136881835758686,0.0,0.0,1.069611042737961,0.0,0.13437638820485584,2.3996874034404754,0.0,0.0
138,2.0,1.0,0.0,2.2486915327608585,0.0,0.0,0.9706717550754549,0.0,-0.05951663579944433,1.0841802775859835,0.0,0.0,3.2278888642787935,0.0,0.0,1.8344110250473022,0.0,0.0
139,2.0,1.0,0.6157327319463506,2.8996684670448305,0.0,0.0,1.883041572570801,0.0,0.0,1.3801070511341096,0.0,0.6157327319463506,2.053341045975685,0.0,0.0,1.454521504044533,0.0,0.0
140,2.0,1.0,0.0,3.1567283987998964,0.0,0.0,1.0875898182392123,0.0,0.0,2.4173152446746826,0.0,0.0,0.9084118783473971,0.0,-0.19156462733305776,0.9610671281814578,0.0,0.0
141,2.0,1.0,0.0,2.2068328194320204,0.0,0.0,1.0610034286975862,0.0,0.0,2.3762351885437965,0.0,0.0,3.1743863821029663,0.0,0.0,0.8325926423072818,0.0,-0.362839938795094
142,2.0,1.0,0.659928337472431,2.7749843657016755,0.0,0.0,3.242291271686554,0.0,0.0,2.5831566363573075,0.0,0.659928337472431,2.777142894268036,0.0,0.0,3.0955399215221404,0.0,0.0
143,2.0,1.0,0.39531731451409097,1.8005526483058931,0.0,0.0,1.5909226953983309,0.0,0.0,1.222386544942856,0.0,0.39531731451409097,1.2799015641212466,0.0,0.0,2.5594747722148896,0.0,0.0
144,2.0,1.0,0.37295387594422025,2.654674506187439,0.0,0.0,1.2081375598907473,0.0,0.37295387594422025,1.6312094300985338,0.0,0.0,3.3806957483291624,0.0,0.0,1.493304467201233,0.0,0.0
145,2.0,1.0,0.0,3.3334862172603605,0.0,0.0,1.765635657310486,0.0,0.0,1.7643286615610125,0.0,0.0,2.007400716841221,0.0,0.0,0.8080976009368899,0.0,-0.42063132889239746
146,2.0,1.0,0.0,2.7129903823137282,0.0,0.0,0.9892496526241306,0.0,0.0,0.9313000142574313,0.0,-0.14211965952616665,1.3738603591918948,0.0,0.0,2.96017746925354,0.0,0.0
147,2.0,1.0,0.0,1.3321431159973147,0.0,0.0,1.2510315060615542,0.0,0.0,0.9981052219867708,0.0,-0.00379314621017789,1.9840066842734814,0.0,0.0,1.4997667253017428,0.0,0.0
148,2.0,1.0,0.0,0.9608219623565677,0.0,0.0,2.6743566185235976,0.0,0.0,0.8130310595035555,0.0,-0.4088952657032521,2.1945980839431285,0.0,0.0,2.4355443000793455,0.0,0.0
149,2.0,1.0,0.0,3.1658410668373107,0.0,0.0,1.3368254423141481,0.0,0.0,1.3391410350799564,0.0,0.0,1.6705923676490786,0.0,0.0,0.882110404968262,0.0,-0.24967714668022323
150,2.0,1.0,0.9577471281272615,1.9653733551502228,0.0,0.0,1.860393585264683,0.0,0.0,2.8401128530502318,0.0,0.0,2.482933443784714,0.0,0.0,1.7944449663162234,0.0,0.9577471281272615
151,2.0,1.0,0.0,0.8367155969142916,0.0,-0.3532306024624728,3.34901984333992,0.0,0.0,2.8132620811462403,0.0,0.0,1.0451391696929935,0.0,0.0,2.196039818227291,0.0,0.0
152,2.0,1.0,0.3840228348046297,1.2151578724384309,0.0,0.3840228348046297,2.922160106897354,0.0,0.0,1.5234749346971515,0.0,0.0,1.7898868307471276,0.0,0.0,2.705310818552971,0.0,0.0
153,2.0,1.0,0.37458482166007145,2.09894144529826,0.0,0.0,1.2091680467128756,0.0,0.37458482166007145,2.068210309185088,0.0,0.0,2.444862461090088,0.0,0.0,1.4584670543670657,0.0,0.0
154,2.0,1.0,0.02586016664751017,1.0130147755146028,0.0,0.02586016664751017,2.3733189240098,0.0,0.0,1.1709863364696504,0.0,0.0,1.7199840217828752,0.0,0.0,3.059826683998108,0.0,0.0
155,2.0,1.0,0.0,0.8523384094238284,0.0,-0.317127126483828,3.2787652671337124,0.0,0.0,1.2789937376976015,0.0,0.0,1.2236263990402225,0.0,0.0,3.312142997980118,0.0,0.0
156,2.0,1.0,0.0,3.3305367887020108,0.0,0.0,1.727956482768059,0.0,0.0,1.4058421790599824,0.0,0.0,0.8505141556262972,0.0,-0.32131770641552454,2.0141332656145097,0.0,0.0
157,2.0,1.0,0.81469177766753,2.7445301830768587,0.0,0.0,3.0512199997901917,0.0,0.0,2.189094473421574,0.0,0.0,3.0442822873592377,0.0,0.0,1.569525584578514,0.0,0.81469177766753
158,2.0,1.0,0.35602690148008376,3.209345370531082,0.0,0.0,1.1975206553936006,0.0,0.35602690148008376,2.7352708727121353,0.0,0.0,1.7983911946415903,0.0,0.0,3.0477908551692963,0.0,0.0
159,2.0,1.0,0.2052055876650791,1.1084875702857975,0.0,0.2052055876650791,2.297479347884655,0.0,0.0,1.8398301661014558,0.0,0.0,3.1209277570247647,0.0,0.0,2.524584823846817,0.0,0.0
160,2.0,1.0,0.9355960164427187,2.1019037107354963,0.0,0.0,3.3400733828544613,0.0,0.0,1.7462206006050112,0.0,0.9355960164427187,1.9822255223989487,0.0,0.0,1.8549121648073197,0.0,0.0
161,2.0,1.0,0.9512101645129625,1.7791157871484757,0.0,0.9512101645129625,2.3136262759566306,0.0,0.0,2.2758450523018836,0.0,0.0,3.061220037937164,0.0,0.0,3.1605710089206696,0.0,0.0
162,2.0,1.0,0.05265930207315293,1.1281763076782227,0.0,0.0,1.02668571472168,0.0,0.05265930207315293,2.913355988264084,0.0,0.0,2.554878997802734,0.0,0.0,2.360048142075539,0.0,0.0
163,2.0,1.0,0.0,3.2160071551799776,0.0,0.0,0.9254744589328769,0.0,0.0,2.1706352941691875,0.0,0.0,1.2120599806308747,0.0,0.0,0.8129378437995913,0.0,-0.40911656268316343
164,2.0,1.0,0.03475932846744832,1.883126962184906,0.0,0.0,1.306566369533539,0.0,0.0,2.2253662012517452,0.0,0.0,1.0175333738327028,0.0,0.03475932846744832,2.8840124130249025,0.0,0.0
165,2.0,1.0,0.1690998891633148,2.6394566744565964,0.0,0.0,1.0884627759456638,0.0,0.1690998891633148,3.152108681201935,0.0,0.0,1.2537714898586274,0.0,0.0,1.6867417365312578,0.0,0.0
166,2.0,1.0,0.0,0.8765917718410494,0.0,0.0,2.062112385593355,0.0,0.0,0.8363814771175386,0.0,-0.3540080667951613,2.7132949411869047,0.0,0.0,2.2186753980815412,0.0,0.0
167,2.0,1.0,0.49745046502766777,2.9184541046619414,0.0,0.0,3.249696844816208,0.0,0.0,3.328364622592926,0.0,0.0,1.2910927176475528,0.0,0.49745046502766777,1.4646008104085924,0.0,0.0
168,2.0,1.0,0.0,2.115319145936519,0.0,0.0,3.1666846573352814,0.0,0.0,1.6569194525480273,0.0,0.0,1.4878237634897233,0.0,0.0,0.8686790525913242,0.0,-0.27988708604566387
169,2.0,1.0,0.34097109695443933,3.0324611723423005,0.0,0.0,3.179402285814285,0.0,0.0,1.768308112025261,0.0,0.0,1.8162547677755356,0.0,0.0,1.1881940484046938,0.0,0.34097109695443933
170,2.0,1.0,0.34186276857105413,1.5448491871356964,0.0,0.0,1.1887434244155886,0.0,0.34186276857105413,3.0209162175655364,0.0,0.0,3.0460565626621245,0.0,0.0,2.479029116034508,0.0,0.0
171,2.0,1.0,0.39890409332831867,3.3716283321380613,0.0,0.0,2.592521134018898,0.0,0.0,2.7281730353832243,0.0,0.0,2.9525418400764467,0.0,0.0,1.2246962487697604,0.0,0.39890409332831867
172,2.0,1.0,0.0,3.1073191940784453,0.0,0.0,0.8913240373134617,0.0,-0.22916239023892254,2.3727287903428076,0.0,0.0,2.771238070726395,0.0,0.0,0.9928396582603456,0.0,0.0
173,2.0,1.0,0.0,0.8024590969085696,0.0,-0.4341042145770385,1.295214742422104,0.0,0.0,0.8643681168556216,0.0,0.0,3.2012767493724823,0.0,0.0,1.3978868424892428,0.0,0.0
174,2.0,1.0,0.0,0.885903733968735,0.0,-0.24121048998480718,1.092232394218445,0.0,0.0,1.825359745323658,0.0,0.0,1.3504762351512911,0.0,0.0,2.3853365048766135,0.0,0.0
175,2.0,1.0,0.180653168623725,1.7567098855972292,0.0,0.0,3.140193963050842,0.0,0.0,3.3345693945884705,0.0,0.0,1.0948222100734712,0.0,0.180653168623725,2.656153056025505,0.0,0.0
176,2.0,1.0,0.14116018159016105,1.561976817250252,0.0,0.0,1.073263889551163,0.0,0.14116018159016105,1.336021447181702,0.0,0.0,2.6715873062610624,0.0,0.0,2.2027662843465805,0.0,0.0
177,2.0,1.0,0.1590460735558534,1.082964599132538,0.0,0.1590460735558534,2.994610869884491,0.0,0.0,2.144613269343972,0.0,0.0,1.9695302680134774,0.0,0.0,1.211045998334885,0.0,0.0
178,2.0,1.0,0.5810390316854589,1.352728056907654,0.0,0.5810390316854589,2.1697115104645492,0.0,0.0,1.6048959076404574,0.0,0.0,1.583758956193924,0.0,0.0,2.412421207129955,0.0,0.0
179,2.0,1.0,0.0,1.6344115406274797,0.0,0.0,3.273484283685684,0.0,0.0,1.5212640255689622,0.0,0.0,0.8323558449745181,0.0,-0.3633928727651716,1.2376847684383394,0.0,0.0
180,2.0,1.0,0.0,0.9675079226493837,0.0,-0.06603988979179107,1.2136000156402589,0.0,0.0,2.9823765218257905,0.0,0.0,2.7703830897808075,0.0,0.0,1.1534181594848634,0.0,0.0
181,2.0,1.0,0.3447210937094903,1.7256936579942705,0.0,0.0,1.1905070066452028,0.0,0.3447210937094903,1.7459983319044114,0.0,0.0,3.273772531747818,0.0,0.0,1.6684298872947694,0.0,0.0
182,2.0,1.0,0.7162520886493282,1.6313441783189775,0.0,0.0,1.4673200666904451,0.0,0.7162520886493282,2.9341351091861725,0.0,0.0,1.471180382370949,0.0,0.0,2.8497268557548523,0.0,0.0
183,2.0,1.0,0.9094175577921284,3.1456990361213686,0.0,0.0,2.704107344150543,0.0,0.0,2.8763112306594847,0.0,0.0,2.9742248356342316,0.0,0.0,1.6990308284759523,0.0,0.9094175577921284
184,2.0,1.0,0.0,2.0754682229831816,0.0,0.0,0.8703770041465761,0.0,-0.27604811276086444,2.5034525215625765,0.0,0.0,2.1010235431196636,0.0,0.0,1.3446291387081148,0.0,0.0
185,2.0,1.0,0.0,1.7985192984342575,0.0,0.0,1.266687482595444,0.0,0.0,2.6073597103357313,0.0,0.0,0.9159228324890138,0.0,-0.17522330511864273,0.9244855821132663,0.0,0.0
186,2.0,1.0,0.0,1.0477400660514833,0.0,0.0,0.9172254502773287,0.0,-0.17240072552713356,3.211696684360504,0.0,0.0,3.024453377723694,0.0,0.0,3.1401034593582153,0.0,0.0
187,2.0,1.0,0.0,1.6005033403635027,0.0,0.0,3.3316494882106777,0.0,0.0,2.4286829113960264,0.0,0.0,2.2578595452010632,0.0,0.0,0.8480169355869296,0.0,-0.32706498069452833
188,2.0,1.0,0.3520768497141441,1.195063263177872,0.0,0.3520768497141441,1.8327885642647743,0.0,0.0,1.9760548055171967,0.0,0.0,3.2162210166454317,0.0,0.0,3.2287615120410917,0.0,0.0
189,2.0,1.0,0.7234853182311893,1.728333142399788,0.0,0.0,1.4741533666849138,0.0,0.7234853182311893,1.582220393419266,0.0,0.0,2.2949044287204745,0.0,0.0,2.1388168536126613,0.0,0.0
190,2.0,1.0,0.7494478369077975,2.753206914663315,0.0,0.0,1.4994481414556504,0.0,0.7494478369077975,2.1051282566506417,0.0,0.0,2.3956546038389206,0.0,0.0,2.000972533226013,0.0,0.0
191,2.0,1.0,0.9229345174328056,3.132622182369232,0.0,0.0,3.315605694055557,0.0,0.0,1.7223932951688767,0.0,0.9229345174328056,3.087719565629959,0.0,0.0,2.455656537413597,0.0,0.0
192,2.0,1.0,0.0,2.4256714940071107,0.0,0.0,2.7630523681640624,0.0,0.0,3.3480879187583925,0.0,0.0,0.9609739124774936,0.0,-0.07957521055232704,3.222863352298736,0.0,0.0
193,2.0,1.0,0.7847621065944441,1.5360626190900804,0.0,0.7847621065944441,3.2564501404762267,0.0,0.0,3.387667167186737,0.0,0.0,2.2047242887318137,0.0,0.0,2.988368982076645,0.0,0.0
194,2.0,1.0,0.9715671458351696,2.3632087007164957,0.0,0.0,2.6061963349580766,0.0,0.0,2.618822452425957,0.0,0.0,2.1686204440891745,0.0,0.9715671458351696,3.2243249714374542,0.0,0.0
195,2.0,1.0,0.1632077203568056,1.6244211107492448,0.0,0.0,1.0852364897727969,0.0,0.1632077203568056,2.0025221571326255,0.0,0.0,3.342132186889648,0.0,0.0,1.4676617413759234,0.0,0.0
196,2.0,1.0,0.0,2.373878276348114,0.0,0.0,1.5271386682987216,0.0,0.0,1.1239988803863528,0.0,0.0,0.9054686486721042,0.0,-0.19799887903966967,3.1277379274368284,0.0,0.0
197,2.0,1.0,0.6402515257983846,2.3692488342523577,0.0,0.0,2.1431663773953917,0.0,0.0,3.3277396976947786,0.0,0.0,1.400209641456604,0.0,0.6402515257983846,1.8971383944153786,0.0,0.0
198,2.0,1.0,0.0,0.8228056907653811,0.0,-0.3857864416943715,1.451604735851288,0.0,0.0,0.8668396115303043,0.0,0.0,0.9372573733329777,0.0,0.0,0.8586129188537601,0.0,0.0
199,2.0,1.0,0.11623622598007397,2.560889706015587,0.0,0.0,1.0599128901958468,0.0,0.11623622598007397,1.1247696340084077,0.0,0.0,2.9368019461631776,0.0,0.0,1.3456087172031403,0.0,0.0
200,2.0,1.0,0.04579637447516967,1.3110587775707248,0.0,0.0,2.762255346775055,0.0,0.0,1.0231665313243867,0.0,0.04579637447516967,1.9409437604248525,0.0,0.0,1.443316209316254,0.0,0.0
201,2.0,1.0,0.0,1.5951503723859788,0.0,0.0,3.223761570453644,0.0,0.0,1.6512444138526918,0.0,0.0,1.9887302428483964,0.0,0.0,0.8284470617771151,0.0,-0.3725362870586747
202,2.0,1.0,0.8001499380441957,2.3281029149889947,0.0,0.0,1.607544341683388,0.0,0.0,2.056851003691554,0.0,0.0,2.735784721374512,0.0,0.0,1.5529540717601777,0.0,0.8001499380441957
203,2.0,1.0,0.0,1.6762634158134462,0.0,0.0,1.9263145223259928,0.0,0.0,3.0808922708034516,0.0,0.0,1.837417793273926,0.0,0.0,0.9900308668613436,0.0,-0.020037649892849136
204,2.0,1.0,0.0,2.260474476218224,0.0,0.0,2.732154306769371,0.0,0.0,2.996014529466629,0.0,0.0,1.8110997959971429,0.0,0.0,0.98403794169426,0.0,-0.032178903916835935
205,2.0,1.0,0.0857948763510594,1.0591103672981264,0.0,0.0,1.0438592553138735,0.0,0.0857948763510594,2.7963229358196258,0.0,0.0,3.1789936244487764,0.0,0.0,3.128815370798111,0.0,0.0
206,2.0,1.0,0.6140875721249268,1.4728839516639711,0.0,0.0,3.3197947442531586,0.0,0.0,3.314523833990097,0.0,0.0,1.3787814974784853,0.0,0.6140875721249268,2.542035609483719,0.0,0.0
207,2.0,1.0,0.1321512054280703,1.068415975570679,0.0,0.1321512054280703,1.522971469163895,0.0,0.0,2.9376642882823942,0.0,0.0,2.6911689579486846,0.0,0.0,2.9701308608055115,0.0,0.0
208,2.0,1.0,0.04310563475182951,3.0059016704559327,0.0,0.0,1.0217902243137362,0.0,0.04310563475182951,1.0560858547687533,0.0,0.0,2.4251432716846466,0.0,0.0,1.6609852999448778,0.0,0.0
209,2.0,1.0,0.9999374445617593,2.0079091995954514,0.0,0.9999374445617593,2.521566355228424,0.0,0.0,2.2323183551430703,0.0,0.0,2.516553357243538,0.0,0.0,2.4422089517116548,0.0,0.0
210,2.0,1.0,0.9004912518931719,2.105835449928418,0.0,0.0,1.684549927711487,0.0,0.9004912518931719,2.679286280274391,0.0,0.0,2.1471183590590956,0.0,0.0,2.6433696806430818,0.0,0.0
211,2.0,1.0,0.28041850224913545,2.561402663588524,0.0,0.0,3.0647794365882874,0.0,0.0,1.6215644329786303,0.0,0.0,1.1517185032367707,0.0,0.28041850224913545,2.705059453845024,0.0,0.0
212,2.0,1.0,0.3308279044559414,2.4280947148799896,0.0,0.0,2.1367185583338144,0.0,0.0,1.8418426722288133,0.0,0.0,1.1819706022739411,0.0,0.3308279044559414,2.708375120162964,0.0,0.0
213,2.0,1.0,0.4713888063463851,3.2704137444496153,0.0,0.0,1.2729434728622437,0.0,0.4713888063463851,1.5391963481903077,0.0,0.0,1.6213463097810747,0.0,0.0,2.680984580516815,0.0,0.0
214,2.0,1.0,0.04013752819236829,1.511075270175934,0.0,0.0,3.1143880128860473,0.0,0.0,2.677925741672516,0.0,0.0,3.3621639549732207,0.0,0.0,1.0202742874622348,0.0,0.04013752819236829
215,2.0,1.0,0.27567130452306493,2.23410636484623,0.0,0.0,3.250581347942352,0.0,0.0,1.1489249765872958,0.0,0.27567130452306493,1.5043024480342866,0.0,0.0,3.0353089392185213,0.0,0.0
216,2.0,1.0,0.6113132572671,1.873520340025425,0.0,0.0,1.3765525341033937,0.0,0.6113132572671,3.3346688091754912,0.0,0.0,2.2697253599762917,0.0,0.0,3.0146541059017182,0.0,0.0
217,2.0,1.0,0.0,0.8686393022537233,0.0,-0.27997702840494204,2.211559448391199,0.0,0.0,3.2284103453159334,0.0,0.0,3.139999860525131,0.0,0.0,0.9823775708675386,0.0,0.0
218,2.0,1.0,0.0,0.9017947256565098,0.0,-0.20605482459586066,2.9203932702541353,0.0,0.0,2.488505852222443,0.0,0.0,2.1985866777598857,0.0,0.0,1.3008481323719026,0.0,0.0
219,2.0,1.0,0.0,1.4387533664703371,0.0,0.0,3.0308024287223816,0.0,0.0,0.8082491636276248,0.0,-0.4202700559942559,0.9462717890739443,0.0,0.0,3.199762749671936,0.0,0.0
220,2.0,1.0,0.9732303406346381,3.340834140777588,0.0,0.0,2.402540419995785,0.0,0.0,2.350860448181629,0.0,0.0,2.1636143617331984,0.0,0.9732303406346381,2.5319913268089294,0.0,0.0
221,2.0,1.0,0.9961252267825108,2.1306698698550464,0.0,0.0,3.1128006339073178,0.0,0.0,1.9377523235976697,0.0,0.9961252267825108,2.1538198940455913,0.0,0.0,2.6834168285131454,0.0,0.0
222,2.0,1.0,0.5402941973332647,1.3219839215278628,0.0,0.5402941973332647,3.3901557862758636,0.0,0.0,1.5630126118659975,0.0,0.0,1.5685931950807572,0.0,0.0,2.128520772792399,0.0,0.0
223,2.0,1.0,0.0,2.9389850378036497,0.0,0.0,3.2440959990024565,0.0,0.0,2.311380013823509,0.0,0.0,2.9559135675430297,0.0,0.0,0.9812611520290377,0.0,-0.03782884036520335
224,2.0,1.0,0.14121762791723766,2.3993875712156294,0.0,0.0,3.3297214031219484,0.0,0.0,1.835316739976406,0.0,0.0,2.7156818598508834,0.0,0.0,1.0732948839664462,0.0,0.14121762791723766
225,2.0,1.0,0.0,1.1024144470691684,0.0,0.0,1.8444403722882272,0.0,0.0,2.7092209577560427,0.0,0.0,1.099590700864792,0.0,0.0,0.9783324122428896,0.0,-0.04380465987343292
226,2.0,1.0,0.45208638122434,2.8040391504764557,0.0,0.0,1.393231558799744,0.0,0.0,3.209287565946579,0.0,0.0,1.259788125753403,0.0,0.45208638122434,1.6704430520534517,0.0,0.0
227,2.0,1.0,0.0,3.319479686021805,0.0,0.0,3.1360032856464386,0.0,0.0,0.8698858201503756,0.0,-0.27715805949718914,0.9116111993789675,0.0,0.0,2.523623067140579,0.0,0.0
228,2.0,1.0,0.831753600243063,2.3350351452827454,0.0,0.0,2.518483728170395,0.0,0.0,3.0482618153095244,0.0,0.0,1.5898215025663376,0.0,0.831753600243063,1.7344104886054994,0.0,0.0
229,2.0,1.0,0.11019477537667141,2.6859555423259733,0.0,0.0,2.435482156276703,0.0,0.0,2.9994108974933624,0.0,0.0,1.0567051231861118,0.0,0.11019477537667141,1.65270816385746,0.0,0.0
230,2.0,1.0,0.42149989765527346,2.7274179726839067,0.0,0.0,2.7923644840717317,0.0,0.0,1.2394080579280855,0.0,0.42149989765527346,1.6905284404754641,0.0,0.0,1.2969121515750888,0.0,0.0
231,2.0,1.0,0.22694540702730026,1.1207647681236268,0.0,0.22694540702730026,1.687551659345627,0.0,0.0,3.1200696766376494,0.0,0.0,1.5708524167537692,0.0,0.0,3.081688904762268,0.0,0.0
232,2.0,1.0,0.09846998721353108,3.390677577257156,0.0,0.0,1.0505106568336489,0.0,0.09846998721353108,2.8045300245285034,0.0,0.0,1.2363771915435793,0.0,0.0,1.1212994992733005,0.0,0.0
233,2.0,1.0,0.5726509442861014,3.238528472185135,0.0,0.0,2.9438670456409453,0.0,0.0,1.4082620680332185,0.0,0.0,1.3462805986404422,0.0,0.5726509442861014,1.3502251803874972,0.0,0.0
234,2.0,1.0,0.3429885054839235,3.3569582104682922,0.0,0.0,1.1894375443458558,0.0,0.3429885054839235,1.4444695889949801,0.0,0.0,2.962074327468872,0.0,0.0,3.1870166063308716,0.0,0.0
235,2.0,1.0,0.1946924787123466,1.1026107192039492,0.0,0.1946924787123466,1.2261818110942841,0.0,0.0,1.8121002957224848,0.0,0.0,2.5053140461444854,0.0,0.0,3.2624560832977294,0.0,0.0
236,2.0,1.0,0.0,2.476479244232178,0.0,0.0,0.8810059964656833,0.0,-0.2521475799457583,2.1917032055556773,0.0,0.0,3.173261362314224,0.0,0.0,0.902312254905701,0.0,0.0
237,2.0,1.0,0.0,1.104554456472397,0.0,0.0,2.872271031141281,0.0,0.0,0.8098164737224582,0.0,-0.4165368262224439,1.5027702778577807,0.0,0.0,3.0732702016830444,0.0,0.0
238,2.0,1.0,0.0,1.6343889921903612,0.0,0.0,1.125028902292252,0.0,0.0,0.960328841209412,0.0,-0.08091611842096409,2.148055010288954,0.0,0.0,2.096754726720974,0.0,0.0
239,2.0,1.0,0.9842178364952557,1.8743729189038278,0.0,0.9842178364952557,2.7604433357715608,0.0,0.0,2.6393584221601487,0.0,0.0,2.4585456430912016,0.0,0.0,2.3934167683124543,0.0,0.0
240,2.0,1.0,0.29807564603753334,1.8901580452919007,0.0,0.0,1.162190741300583,0.0,0.29807564603753334,1.7278836071491244,0.0,0.0,1.9468387335538866,0.0,0.0,1.5709841042757036,0.0,0.0
241,2.0,1.0,0.8767653674967346,3.2920308768749234,0.0,0.0,3.3770973742008206,0.0,0.0,3.1984432399272915,0.0,0.0,3.0090542674064635,0.0,0.0,2.3510479062795637,0.0,0.8767653674967346
242,2.0,1.0,0.0,3.135065549612045,0.0,0.0,1.049842804670334,0.0,0.0,1.1428881168365481,0.0,0.0,3.2095924735069277,0.0,0.0,0.8255143702030185,0.0,-0.3794164945996122
243,2.0,1.0,0.19950169815725344,1.1715725958347323,0.0,0.0,2.500336343050003,0.0,0.0,1.105294293165207,0.0,0.19950169815725344,1.236446696519852,0.0,0.0,1.4674191713333131,0.0,0.0
244,2.0,1.0,0.0,0.914596349000931,0.0,-0.17810108560210877,2.9429216384887695,0.0,0.0,3.2170627474784848,0.0,0.0,3.173247957229614,0.0,0.0,2.567992928624153,0.0,0.0
245,2.0,1.0,0.7547198848954182,1.829800896346569,0.0,0.0,3.1019392609596252,0.0,0.0,1.5047423750162126,0.0,0.7547198848954182,1.6099429219961168,0.0,0.0,1.8684532567858696,0.0,0.0
246,2.0,1.0,0.0,0.999099522829056,0.0,-0.0018017652010233751,1.56621615588665,0.0,0.0,3.2461797535419463,0.0,0.0,2.4649457186460495,0.0,0.0,2.6262726962566374,0.0,0.0
247,2.0,1.0,0.0,0.8687195777893069,0.0,-0.27979539367720413,3.2718475461006165,0.0,0.0,2.1017130566411653,0.0,0.0,3.2130439341068264,0.0,0.0,1.082835274934769,0.0,0.0
248,2.0,1.0,0.9518843404586977,2.8947254002094267,0.0,0.0,2.21976899728179,0.0,0.0,2.2193528197705747,0.0,0.9518843404586977,3.2584105372428893,0.0,0.0,3.2605123460292815,0.0,0.0
249,2.0,1.0,0.7153748076873081,1.4664972424507143,0.0,0.7153748076873081,1.6269084125757218,0.0,0.0,1.7308603495359423,0.0,0.0,2.163470455631614,0.0,0.0,2.1043689630925657,0.0,0.0
250,2.0,1.0,0.4934722525693238,3.30244717001915,0.0,0.0,3.3464641213417052,0.0,0.0,1.435001027584076,0.0,0.0,1.761066344380379,0.0,0.0,1.2882923722267154,0.0,0.4934722525693238
251,2.0,1.0,0.0,3.205324077606201,0.0,0.0,2.6033986628055574,0.0,0.0,1.5605960160493852,0.0,0.0,3.3372691631317135,0.0,0.0,0.9244633436203005,0.0,-0.15677909921642386
252,2.0,1.0,0.2517205063077341,2.5347043067216872,0.0,0.0,1.3291924476623538,0.0,0.0,1.1349685013294222,0.0,0.2517205063077341,2.148922849074006,0.0,0.0,3.333368980884552,0.0,0.0
253,2.0,1.0,0.4822460281582404,2.4063772186636925,0.0,0.0,2.6504104107618334,0.0,0.0,3.1060429215431213,0.0,0.0,2.6493244051933287,0.0,0.0,1.2804487705230714,0.0,0.4822460281582404
254,2.0,1.0,0.30122999076034485,1.1640753567218782,0.0,0.30122999076034485,1.3191739678382874,0.0,0.0,1.5885404258966447,0.0,0.0,1.2350436568260195,0.0,0.0,1.7756193265318871,0.0,0.0
255,2.0,1.0,0.9617479315574542,2.267707294225693,0.0,0.0,3.358426570892334,0.0,0.0,3.312794190645218,0.0,0.0,3.072890442609787,0.0,0.0,1.8044186398386957,0.0,0.9617479315574542
256,2.0,1.0,0.0,3.010923075675964,0.0,0.0,1.6557794004678728,0.0,0.0,1.2783910512924197,0.0,0.0,1.2559962689876558,0.0,0.0,0.978142958879471,0.0,-0.04419181248760249
257,2.0,1.0,0.397313211579331,1.273646813631058,0.0,0.0,1.2236709535121921,0.0,0.397313211579331,2.434381350874901,0.0,0.0,2.322188948094845,0.0,0.0,2.945033830404282,0.0,0.0
258,2.0,1.0,0.7473861437621148,2.6821458637714386,0.0,0.0,3.3644200384616854,0.0,0.0,2.6785980105400085,0.0,0.0,1.4973929405212405,0.0,0.7473861437621148,2.3909368857741358,0.0,0.0
259,2.0,1.0,0.0,2.524269610643387,0.0,0.0,2.3892900750041006,0.0,0.0,0.8312169551849369,0.0,-0.36605380584716984,3.1354601860046385,0.0,0.0,3.3336653649806975,0.0,0.0
260,2.0,1.0,0.9868480557641423,2.5315965741872786,0.0,0.0,2.789247453212738,0.0,0.0,3.1129427433013914,0.0,0.0,2.1790260780602693,0.0,0.0,1.885318073630333,0.0,0.9868480557641423
261,2.0,1.0,0.08011586700274818,3.2642424464225765,0.0,0.0,1.392265695333481,0.0,0.0,1.7382154405117036,0.0,0.0,3.1961946725845336,0.0,0.0,1.0408940970897678,0.0,0.08011586700274818
262,2.0,1.0,0.0,3.3797105908393856,0.0,0.0,3.1876960039138793,0.0,0.0,2.5044904857873918,0.0,0.0,0.9174041330814364,0.0,-0.17201381106915622,2.039668203517795,0.0,0.0
263,2.0,1.0,0.0,0.9531642496585848,0.0,-0.09586508819287375,2.993312668800354,0.0,0.0,1.2913171947002413,0.0,0.0,1.626105347275734,0.0,0.0,2.4052918523550035,0.0,0.0
264,2.0,1.0,0.0,1.181823688745499,0.0,0.0,0.9714855134487155,0.0,-0.05784204904585243,1.2589195847511294,0.0,0.0,2.4239853397011757,0.0,0.0,2.886527144908905,0.0,0.0
265,2.0,1.0,0.009852886273221678,2.2534583769738674,0.0,0.0,2.1366446996107697,0.0,0.0,2.7637951493263246,0.0,0.0,2.152276226878166,0.0,0.0,1.004938638210297,0.0,0.009852886273221678
266,2.0,1.0,0.0,0.8279300749301912,0.0,-0.37374790925314716,0.9851202666759493,0.0,0.0,2.8210880935192106,0.0,0.0,3.0631900429725647,0.0,0.0,2.792438328266144,0.0,0.0
267,2.0,1.0,0.25468047301076824,3.285149884223938,0.0,0.0,2.228936864435673,0.0,0.0,1.8798211172223092,0.0,0.0,3.101696264743805,0.0,0.0,1.1366810977458957,0.0,0.25468047301076824
268,2.0,1.0,0.4595521676042055,2.752012777328491,0.0,0.0,2.655677098035812,0.0,0.0,2.3791353166103364,0.0,0.0,1.2648484289646151,0.0,0.4595521676042055,3.1932209134101868,0.0,0.0
269,2.0,1.0,0.0,2.248704627901316,0.0,0.0,3.0579169631004333,0.0,0.0,0.830460458993912,0.0,-0.3678227379767311,3.0537121057510377,0.0,0.0,3.1450227379798887,0.0,0.0
270,2.0,1.0,0.5531216079100115,2.190965335071087,0.0,0.0,1.331510365009308,0.0,0.5531216079100115,3.090288460254669,0.0,0.0,2.873854923248291,0.0,0.0,2.0976780727505684,0.0,0.0
271,2.0,1.0,0.11342995925628227,2.0901599269360305,0.0,0.0,1.515616610646248,0.0,0.0,1.1488689541816712,0.0,0.0,1.0584215164184572,0.0,0.11342995925628227,3.2234928488731383,0.0,0.0
272,2.0,1.0,0.07369557801199192,3.137313497066498,0.0,0.0,1.2359324991703036,0.0,0.0,2.509548696875572,0.0,0.0,2.6996826201677324,0.0,0.0,1.0375528991222385,0.0,0.07369557801199192
273,2.0,1.0,0.016456228971342576,2.556606587767601,0.0,0.0,1.2100382149219515,0.0,0.0,2.800882136821747,0.0,0.0,1.008262246847153,0.0,0.016456228971342576,1.1035103321075441,0.0,0.0
274,2.0,1.0,0.0,0.8971096098423006,0.0,-0.2163672127022024,3.3685831308364866,0.0,0.0,2.398489759862423,0.0,0.0,3.0743849158287047,0.0,0.0,3.2725142359733583,0.0,0.0
275,2.0,1.0,0.0,2.1370346723124385,0.0,0.0,1.2420406460762026,0.0,0.0,3.336781388521194,0.0,0.0,1.1980013787746433,0.0,0.0,0.8762784183025363,0.0,-0.26275019317264964
276,2.0,1.0,0.9837117455277987,3.2929050743579866,0.0,0.0,1.8723745539784433,0.0,0.9837117455277987,2.314872309565544,0.0,0.0,2.5802895367145537,0.0,0.0,2.1453699205070733,0.0,0.0
277,2.0,1.0,0.286942857983377,2.793064647912979,0.0,0.0,1.1555728912353518,0.0,0.286942857983377,1.1788503170013431,0.0,0.0,3.021312636137009,0.0,0.0,1.1700559616088868,0.0,0.0
278,2.0,1.0,0.0,1.5359469324350359,0.0,0.0,2.6491462260484697,0.0,0.0,3.085575759410858,0.0,0.0,0.9072470307350162,0.0,-0.19410905183743857,2.3830419301986696,0.0,0.0
279,2.0,1.0,0.5384656788366045,3.357400190830231,0.0,0.0,3.2276528418064117,0.0,0.0,1.3206368267536166,0.0,0.5384656788366045,1.3391550600528719,0.0,0.0,1.896086385846138,0.0,0.0
280,2.0,1.0,0.0,2.7885069966316225,0.0,0.0,1.6044659763574602,0.0,0.0,1.358359044790268,0.0,0.0,2.4692883461713793,0.0,0.0,0.8197942733764652,0.0,-0.39288555715498585
281,2.0,1.0,0.013711689353524733,3.3866019666194918,0.0,0.0,1.1815791428089144,0.0,0.0,1.6992033123970034,0.0,0.0,2.2238864794373514,0.0,0.0,1.006879508495331,0.0,0.013711689353524733
282,2.0,1.0,0.771075946686682,1.521539914608002,0.0,0.771075946686682,2.0684707639738917,0.0,0.0,2.049822981283069,0.0,0.0,2.793356692790985,0.0,0.0,3.3214759588241574,0.0,0.0
283,2.0,1.0,0.0,0.9078249216079715,0.0,-0.1928464018606337,2.9396223604679106,0.0,0.0,1.31431582570076,0.0,0.0,2.9337037444114684,0.0,0.0,2.2484711721539496,0.0,0.0
284,2.0,1.0,0.0,0.9216735363006594,0.0,0.0,1.9288634449243547,0.0,0.0,2.208216642588377,0.0,0.0,0.9088803589344028,0.0,-0.1905420711191177,3.3882230520248413,0.0,0.0
285,2.0,1.0,0.0,1.0482657313346866,0.0,0.0,0.827748912572861,0.0,-0.37417261197410995,2.954644966125488,0.0,0.0,1.6411045134067537,0.0,0.0,2.7285264492034913,0.0,0.0
286,2.0,1.0,0.7890024411255446,3.351184183359146,0.0,0.0,2.3753072932362556,0.0,0.0,3.193628180027008,0.0,0.0,1.5406552940607072,0.0,0.7890024411255446,3.2251978516578674,0.0,0.0
287,2.0,1.0,0.42689492368514986,1.2429629623889924,0.0,0.42689492368514986,1.9075183853507043,0.0,0.0,1.2701465368270877,0.0,0.0,2.365132601559162,0.0,0.0,3.152090626955032,0.0,0.0
288,2.0,1.0,0.6161599151587034,1.9113489270210267,0.0,0.0,1.8433169022202494,0.0,0.0,1.7823185563087465,0.0,0.0,1.380451709032059,0.0,0.6161599151587034,2.4762042462825775,0.0,0.0
289,2.0,1.0,0.25658255904282196,1.3006566643714907,0.0,0.0,3.3636695086956023,0.0,0.0,1.6301821202039721,0.0,0.0,1.5411747992038727,0.0,0.0,1.1377834141254426,0.0,0.25658255904282196
290,2.0,1.0,0.0,1.7810975700616838,0.0,0.0,2.6325391471385955,0.0,0.0,3.2670379102230074,0.0,0.0,0.8107903182506564,0.0,-0.4142196671663751,3.1516292750835415,0.0,0.0
291,2.0,1.0,0.3337526212392879,1.1837602198123935,0.0,0.3337526212392879,2.0657851535826923,0.0,0.0,3.191085398197174,0.0,0.0,3.0941825211048126,0.0,0.0,3.350204759836197,0.0,0.0
292,2.0,1.0,0.0,3.2306063771247864,0.0,0.0,1.1166405737400056,0.0,0.0,3.042219841480255,0.0,0.0,2.009894324094057,0.0,0.0,0.9060331344604495,0.0,-0.19676350289842887
293,2.0,1.0,0.607760687225873,2.5950387716293335,0.0,0.0,1.3737098813056947,0.0,0.607760687225873,2.931190329790115,0.0,0.0,1.812046501040459,0.0,0.0,3.040519255399704,0.0,0.0
294,2.0,1.0,0.0,3.252005076408386,0.0,0.0,0.9810816168785097,0.0,0.0,0.862095528841019,0.0,-0.29482658548360013,2.2777479350566865,0.0,0.0,1.707333341240883,0.0,0.0
295,2.0,1.0,0.961813213398041,1.8045856028795244,0.0,0.961813213398041,2.3394672885537147,0.0,0.0,2.6708094239234925,0.0,0.0,3.3367069244384764,0.0,0.0,2.6461172580718992,0.0,0.0
296,2.0,1.0,0.0,2.7251425951719286,0.0,0.0,1.0579526484012607,0.0,0.0,1.7059435904026032,0.0,0.0,0.9447195887565616,0.0,-0.11361674635412047,3.367698472738266,0.0,0.0
297,2.0,1.0,0.726029350835745,1.7336106389760972,0.0,0.0,2.3144528582692145,0.0,0.0,1.4765779435634614,0.0,0.726029350835745,3.1485990285873413,0.0,0.0,1.8412024438381196,0.0,0.0
298,2.0,1.0,0.0,2.354276788234711,0.0,0.0,1.320675027370453,0.0,0.0,0.92501078248024,0.0,-0.1556018177837458,0.944266372919083,0.0,0.0,2.4294043838977815,0.0,0.0
299,2.0,1.0,0.3379559563057763,3.046041762828827,0.0,0.0,1.6094156295061113,0.0,0.0,2.4472798317670823,0.0,0.0,1.2404779851436616,0.0,0.0,1.1863391101360323,0.0,0.3379559563057763
300,2.0,1.0,0.0,2.957306921482086,0.0,0.0,1.4493627548217776,0.0,0.0,3.3277560472488403,0.0,0.0,3.1474893510341646,0.0,0.0,0.9307912409305574,0.0,-0.1432073704708173
301,2.0,1.0,0.0,0.9625364959239961,0.0,-0.07633052228966046,1.122837907075882,0.0,0.0,2.8500864684581755,0.0,0.0,2.1773420304059985,0.0,0.0,1.6142676502466204,0.0,0.0
302,2.0,1.0,0.0,1.4686969548463824,0.0,0.0,0.9426992952823641,0.0,-0.11788478019640956,3.2508041977882387,0.0,0.0,1.5921708792448044,0.0,0.0,1.47732347548008,0.0,0.0
303,2.0,1.0,0.3124343986957086,1.1708042442798616,0.0,0.3124343986957086,1.50875560939312,0.0,0.0,1.9168836191296579,0.0,0.0,3.1928616881370546,0.0,0.0,2.4376251876354216,0.0,0.0
304,2.0,1.0,0.0,2.9954141676425934,0.0,0.0,0.8234014034271242,0.0,-0.38438425745726096,3.3962988793849944,0.0,0.0,1.0803068280220034,0.0,0.0,2.2523664340376857,0.0,0.0
305,2.0,1.0,0.0,3.193741077184677,0.0,0.0,0.9087138414382938,0.0,-0.19090547986836534,1.7883455753326416,0.0,0.0,1.0423334777355195,0.0,0.0,2.2561446338891984,0.0,0.0
306,2.0,1.0,0.4528151345907613,2.964576041698456,0.0,0.0,1.2602805495262148,0.0,0.4528151345907613,3.2117333352565764,0.0,0.0,3.290460002422333,0.0,0.0,2.2770000785589217,0.0,0.0
307,2.0,1.0,0.164301771343585,1.0858346819877627,0.0,0.164301771343585,3.1917576670646666,0.0,0.0,2.8711053311824797,0.0,0.0,1.6601532936096193,0.0,0.0,3.0225575268268585,0.0,0.0
308,2.0,1.0,0.06197593009165419,1.9737059324979782,0.0,0.0,3.050442582368851,0.0,0.0,2.820633327960968,0.0,0.0,1.0314835727214815,0.0,0.06197593009165419,3.2204178154468535,0.0,0.0
309,2.0,1.0,0.0,1.533702200651169,0.0,0.0,1.4044988811016084,0.0,0.0,0.8379158556461337,0.0,-0.3504395585586576,1.17831643819809,0.0,0.0,1.2253432571887972,0.0,0.0
310,2.0,1.0,0.0,2.356235131621361,0.0,0.0,2.5544585973024367,0.0,0.0,0.8367144346237185,0.0,-0.3532333066128148,3.199765306711197,0.0,0.0,1.5995097368955613,0.0,0.0
311,2.0,1.0,0.24935993701297451,3.260144364833832,0.0,0.0,3.3224342286586763,0.0,0.0,1.1336051344871523,0.0,0.24935993701297451,3.262929445505142,0.0,0.0,3.322132265567779,0.0,0.0
312,2.0,1.0,0.0,1.4967949420213702,0.0,0.0,1.7538360059261322,0.0,0.0,3.337553924322128,0.0,0.0,0.9498324275016787,0.0,-0.10285193032701685,1.8783818915486337,0.0,0.0
313,2.0,1.0,0.22859105878720276,2.960064339637756,0.0,0.0,3.123544615507126,0.0,0.0,2.044289354607463,0.0,0.0,3.209738612174988,0.0,0.0,1.1217011094093325,0.0,0.22859105878720276
314,2.0,1.0,0.0,0.9803096234798434,0.0,-0.039768463967818725,2.5557500958442687,0.0,0.0,3.042874753475189,0.0,0.0,2.6076134383678435,0.0,0.0,1.486317899823189,0.0,0.0
315,2.0,1.0,0.0,3.264196652173996,0.0,0.0,2.613460496068001,0.0,0.0,2.579972231388092,0.0,0.0,3.042308098077774,0.0,0.0,0.8854357957839969,0.0,-0.24225336531965225
316,2.0,1.0,0.05255250679617806,2.522263613343239,0.0,0.0,1.2199482142925264,0.0,0.0,2.088339967560023,0.0,0.0,1.9803262524306775,0.0,0.0,1.0266308546066287,0.0,0.05255250679617806
317,2.0,1.0,0.0,3.0564806044101713,0.0,0.0,2.8323478996753693,0.0,0.0,2.8756897926330565,0.0,0.0,3.3026649057865143,0.0,0.0,0.8484579861164097,0.0,-0.32604900973907497
318,2.0,1.0,0.22156387257299265,1.1177097260951998,0.0,0.22156387257299265,3.3667054891586305,0.0,0.0,1.3447752773761752,0.0,0.0,1.391976982355118,0.0,0.0,3.1113293290138246,0.0,0.0
319,2.0,1.0,0.12915439913454066,1.875838315486908,0.0,0.0,1.066808915138245,0.0,0.12915439913454066,2.1046523897675797,0.0,0.0,1.6017820537090304,0.0,0.0,2.6866782933473585,0.0,0.0
320,2.0,1.0,0.0,2.789180427789688,0.0,0.0,2.8231748700141908,0.0,0.0,2.06059702988714,0.0,0.0,0.8490610599517825,0.0,-0.3246604437193144,1.9011085465550424,0.0,0.0
321,2.0,1.0,0.41431295455401496,1.2346980690956117,0.0,0.41431295455401496,2.289694035053253,0.0,0.0,2.892580199241638,0.0,0.0,2.4061390653252603,0.0,0.0,3.191663134098053,0.0,0.0
322,2.0,1.0,0.08593059972005478,1.0964422106742862,0.0,0.0,2.505301183462143,0.0,0.0,1.043930232524872,0.0,0.08593059972005478,1.3283888399600985,0.0,0.0,2.599440482258797,0.0,0.0
323,2.0,1.0,0.3245783675406871,2.1454214826226234,0.0,0.0,3.3049314498901365,0.0,0.0,2.5599026888608933,0.0,0.0,1.1781596064567568,0.0,0.3245783675406871,3.3574232816696163,0.0,0.0
324,2.0,1.0,0.0,2.8737273037433626,0.0,0.0,2.947058618068695,0.0,0.0,3.0350288271903993,0.0,0.0,0.9800901055336,0.0,-0.04021619283046321,2.9260096907615663,0.0,0.0
325,2.0,1.0,0.6511120404592232,2.1259992197155952,0.0,0.0,2.211127977073193,0.0,0.0,3.2990480124950405,0.0,0.0,3.0699982762336733,0.0,0.0,1.4093326151371004,0.0,0.6511120404592232
326,2.0,1.0,0.0,1.1748411893844608,0.0,0.0,0.9982286572456363,0.0,0.0,2.800193750858307,0.0,0.0,0.9358295381069186,0.0,-0.13245877196573422,1.384162360429764,0.0,0.0
327,2.0,1.0,0.5768207015240391,1.3494776725769047,0.0,0.5768207015240391,1.67413367331028,0.0,0.0,3.350832164287567,0.0,0.0,1.5772820532321932,0.0,0.0,3.098866009712219,0.0,0.0
328,2.0,1.0,0.43154573627326476,1.2460409402847292,0.0,0.43154573627326476,2.1170133660547434,0.0,0.0,2.4249774128198625,0.0,0.0,2.548610919713974,0.0,0.0,1.3636737346649173,0.0,0.0
329,2.0,1.0,0.26602507043508833,1.314916652441025,0.0,0.0,3.2894787192344666,0.0,0.0,1.143276631832123,0.0,0.26602507043508833,2.709873506426811,0.0,0.0,1.2010914444923402,0.0,0.0
330,2.0,1.0,0.17546439937021002,1.4615362763404849,0.0,0.0,1.8696009799838067,0.0,0.0,1.0919605731964113,0.0,0.17546439937021002,2.2575672678649426,0.0,0.0,1.4095145523548127,0.0,0.0
331,2.0,1.0,0.0,0.9785740137100223,0.0,0.0,2.064170647226274,0.0,0.0,3.026390528678894,0.0,0.0,2.9757274448871613,0.0,0.0,0.8100069344043734,0.0,-0.4160834961656772
332,2.0,1.0,0.0,2.9903469681739807,0.0,0.0,2.9227052986621858,0.0,0.0,1.40608184337616,0.0,0.0,0.8253792345523836,0.0,-0.3797339426207443,1.7462591886520387,0.0,0.0
333,2.0,1.0,0.08002148158961975,2.4380936294794084,0.0,0.0,3.1843473672866818,0.0,0.0,1.0818614304065706,0.0,0.0,1.0408448934555057,0.0,0.08002148158961975,1.8178027257323266,0.0,0.0
334,2.0,1.0,0.8557754882180069,2.088740132097155,0.0,0.0,1.6202309757471087,0.0,0.8557754882180069,2.3394247099757193,0.0,0.0,2.33080043643713,0.0,0.0,2.694420892000198,0.0,0.0
335,2.0,1.0,0.9201162705901733,2.005865631252527,0.0,0.0,3.2170514345169066,0.0,0.0,1.7173629015684129,0.0,0.9201162705901733,2.979586637020111,0.0,0.0,2.956632250547409,0.0,0.0
336,2.0,1.0,0.0,0.8748102903366091,0.0,0.0,1.0814829111099244,0.0,0.0,2.7420309484004974,0.0,0.0,0.8228494703769687,0.0,-0.3856833693917832,1.4859818816185,0.0,0.0
337,2.0,1.0,0.0,2.1822307698428633,0.0,0.0,1.9492314055562021,0.0,0.0,2.111199857387692,0.0,0.0,0.9892559289932252,0.0,-0.021603577075348154,3.3467522144317625,0.0,0.0
338,2.0,1.0,0.09013701791675736,1.0543280839920046,0.0,0.0,1.3665556728839876,0.0,0.0,3.1569270730018615,0.0,0.0,1.0461326181888582,0.0,0.09013701791675736,1.819251210987568,0.0,0.0
339,2.0,1.0,0.7144746427982809,3.0239663779735566,0.0,0.0,2.5388270676136018,0.0,0.0,2.0723455840721727,0.0,0.0,3.3307191908359526,0.0,0.0,1.4656542718410495,0.0,0.7144746427982809
340,2.0,1.0,0.0,2.50634685754776,0.0,0.0,0.9782409012317659,0.0,-0.043991655915674,3.1706329584121704,0.0,0.0,2.913666784763336,0.0,0.0,2.6654736578464506,0.0,0.0
341,2.0,1.0,0.9203967655316218,2.5636621177196504,0.0,0.0,2.887259232997894,0.0,0.0,2.995836466550827,0.0,0.0,1.7178595483303072,0.0,0.9203967655316218,2.1863068744540217,0.0,0.0
342,2.0,1.0,0.06879961084555884,3.1219714939594265,0.0,0.0,2.0739407310262323,0.0,0.0,2.657367843389511,0.0,0.0,2.76403186917305,0.0,0.0,1.0350127518177035,0.0,0.06879961084555884
343,2.0,1.0,0.3600196741499454,1.5499607861042024,0.0,0.0,1.2000122964382174,0.0,0.3600196741499454,2.6064172863960264,0.0,0.0,2.5106057614088058,0.0,0.0,2.783185875415802,0.0,0.0
344,2.0,1.0,0.3752066431358084,1.2095612883567812,0.0,0.3752066431358084,3.3826041519641876,0.0,0.0,2.3693194434046747,0.0,0.0,3.155495673418045,0.0,0.0,1.5979440540075305,0.0,0.0
345,2.0,1.0,0.0,2.1935086980462075,0.0,0.0,0.9915415346622469,0.0,-0.016988476311376118,3.319065135717392,0.0,0.0,1.3340217649936679,0.0,0.0,3.267798900604248,0.0,0.0
346,2.0,1.0,0.0,3.2279152095317842,0.0,0.0,1.2368504762649537,0.0,0.0,0.8958124160766605,0.0,-0.2192302204904619,1.3044088482856753,0.0,0.0,1.2227817237377168,0.0,0.0
347,2.0,1.0,0.0,1.1830697417259217,0.0,0.0,2.921232521533966,0.0,0.0,2.39260576069355,0.0,0.0,1.5971335887908937,0.0,0.0,0.8826417267322544,0.0,-0.24848951083987808
348,2.0,1.0,0.6037588487482921,2.4466493666172027,0.0,0.0,2.4508110255002977,0.0,0.0,1.9480435736477375,0.0,0.0,1.6098523020744326,0.0,0.0,1.370523113012314,0.0,0.6037588487482921
349,2.0,1.0,0.0,2.1536401312798263,0.0,0.0,0.9128959178924563,0.0,-0.18179528533488518,2.5396588414907457,0.0,0.0,3.1204337835311886,0.0,0.0,1.6270647019147875,0.0,0.0
350,2.0,1.0,0.0,2.532307469844818,0.0,0.0,2.1463169790804386,0.0,0.0,0.9419295489788058,0.0,-0.1195130793241934,2.884836709499359,0.0,0.0,2.576743930578232,0.0,0.0
351,2.0,1.0,0.9804861673250957,3.293226021528244,0.0,0.0,2.5558400958776475,0.0,0.0,1.8603080794215203,0.0,0.9804861673250957,2.940594267845154,0.0,0.0,2.949352902173996,0.0,0.0
352,2.0,1.0,0.0,1.022174942493439,0.0,0.0,2.9397587358951567,0.0,0.0,0.9420660018920901,0.0,-0.11922434435258708,2.694822734594345,0.0,0.0,2.441528508067131,0.0,0.0
353,2.0,1.0,0.10386092383668065,3.0008557021617888,0.0,0.0,1.6907800376415254,0.0,0.0,3.135117620229721,0.0,0.0,2.3270254522562026,0.0,0.0,1.0533537745475772,0.0,0.10386092383668065
354,2.0,1.0,0.12529909397793965,3.1735974967479708,0.0,0.0,2.675112262368202,0.0,0.0,1.0647455394268037,0.0,0.12529909397793965,2.82302268743515,0.0,0.0,3.0854775071144105,0.0,0.0
355,2.0,1.0,0.9585827514091454,2.3318156391382217,0.0,0.0,2.203512281179428,0.0,0.9585827514091454,2.454235753417015,0.0,0.0,3.288745701313019,0.0,0.0,2.434411144256592,0.0,0.0
356,2.0,1.0,0.3203193015523201,3.0341361105442046,0.0,0.0,3.0541791915893555,0.0,0.0,3.2140053808689117,0.0,0.0,1.962901046872139,0.0,0.0,1.175572502613068,0.0,0.3203193015523201
357,2.0,1.0,0.04627210851023771,3.117458319664001,0.0,0.0,2.670673242211342,0.0,0.0,1.0234100699424746,0.0,0.04627210851023771,2.7939078509807587,0.0,0.0,2.6779614627361297,0.0,0.0
358,2.0,1.0,0.0,2.3726193800568582,0.0,0.0,1.0192624747753145,0.0,0.0,2.80836945772171,0.0,0.0,0.820603382587433,0.0,-0.39097638116420486,1.8845397844910623,0.0,0.0
359,2.0,1.0,0.004166081585589739,1.220351451635361,0.0,0.0,2.5894856572151186,0.0,0.0,1.002085214853287,0.0,0.004166081585589739,1.835025392472744,0.0,0.0,1.6924816310405733,0.0,0.0
360,2.0,1.0,0.8087461373021471,2.4640357226133345,0.0,0.0,3.1080770850181576,0.0,0.0,1.562674191594124,0.0,0.8087461373021471,2.809752118587494,0.0,0.0,1.787903904914856,0.0,0.0
361,2.0,1.0,0.7365812388105673,3.1338028371334072,0.0,0.0,3.235651260614395,0.0,0.0,2.781090885400772,0.0,0.0,3.3756557464599606,0.0,0.0,1.4867566257715228,0.0,0.7365812388105673
362,2.0,1.0,0.053458567058087145,2.213756584376097,0.0,0.0,2.9476302325725556,0.0,0.0,1.4880853950977326,0.0,0.0,1.0270963907241824,0.0,0.053458567058087145,1.1366056263446809,0.0,0.0
363,2.0,1.0,0.0,2.0169157408177854,0.0,0.0,3.377516496181488,0.0,0.0,2.2727817580103875,0.0,0.0,1.038658392429352,0.0,0.0,0.8476156353950504,0.0,-0.3279897237859535
364,2.0,1.0,0.9991148562208754,2.932189279794693,0.0,0.0,2.4354194700717926,0.0,0.0,3.271707218885422,0.0,0.0,2.7908903121948243,0.0,0.0,2.029751366004348,0.0,0.9991148562208754
365,2.0,1.0,0.060508197305089544,3.254123544692993,0.0,0.0,3.2727300345897676,0.0,0.0,1.3322667837142945,0.0,0.0,1.0307261466979982,0.0,0.060508197305089544,3.1100352346897124,0.0,0.0
366,2.0,1.0,0.5768384288807873,3.0634032845497132,0.0,0.0,2.9868151545524597,0.0,0.0,3.1458315372467043,0.0,0.0,2.6505087018013,0.0,0.5768384288807873,2.787273806333542,0.0,0.0
367,2.0,1.0,0.474688129267847,1.2752159833908083,0.0,0.474688129267847,1.818979273736477,0.0,0.0,2.5320715248584746,0.0,0.0,3.1947764456272125,0.0,0.0,1.8616830691695214,0.0,0.0
368,2.0,1.0,0.0,0.8516749739646914,0.0,-0.3186503654189922,2.222546426206827,0.0,0.0,0.8818991780281069,0.0,0.0,2.0324743416160347,0.0,0.0,3.2827249586582186,0.0,0.0
369,2.0,1.0,0.026068786301027786,1.0131204664707185,0.0,0.026068786301027786,3.278834307193756,0.0,0.0,1.963985599577427,0.0,0.0,2.8798663675785066,0.0,0.0,3.0916230022907256,0.0,0.0
370,2.0,1.0,0.0,2.492706137895584,0.0,0.0,1.4019107699394229,0.0,0.0,0.9495358109474186,0.0,-0.10347501248189754,3.1894361078739166,0.0,0.0,1.612991300225258,0.0,0.0
371,2.0,1.0,0.31155992043665065,1.1702771067619326,0.0,0.31155992043665065,2.9551662147045135,0.0,0.0,1.9125042632222176,0.0,0.0,1.7285771846771243,0.0,0.0,3.3159422934055325,0.0,0.0
372,2.0,1.0,0.8080326336306789,2.866705131530762,0.0,0.0,1.5618591934442523,0.0,0.8080326336306789,2.805688518285751,0.0,0.0,2.202672778069973,0.0,0.0,2.5206468284130095,0.0,0.0
373,2.0,1.0,0.0,1.047038894891739,0.0,0.0,0.951020520925522,0.0,-0.10035794751936317,1.2366371572017671,0.0,0.0,2.7210999935865403,0.0,0.0,0.9542574226856235,0.0,0.0
374,2.0,1.0,0.0,1.6029787480831148,0.0,0.0,1.0462806165218355,0.0,0.0,0.9624165475368502,0.0,-0.07657942082534935,3.0365234553813933,0.0,0.0,3.3737516820430757,0.0,0.0
375,2.0,1.0,0.0,2.4400438368320465,0.0,0.0,0.9171491265296938,0.0,0.0,1.256563699245453,0.0,0.0,2.4265260875225065,0.0,0.0,0.8595147013664248,0.0,-0.3007067163993151
376,2.0,1.0,0.0,2.9066830456256865,0.0,0.0,1.3856255292892459,0.0,0.0,2.389537100493908,0.0,0.0,0.8190088748931887,0.0,-0.3947400375810519,2.5756781488656997,0.0,0.0
377,2.0,1.0,0.0,2.443037974834442,0.0,0.0,2.8935856580734254,0.0,0.0,0.8561026811599735,0.0,-0.3085010760494013,2.039015209302306,0.0,0.0,2.14444614648819,0.0,0.0
378,2.0,1.0,0.9969718251932724,3.007075971364975,0.0,0.0,1.9449711456894876,0.0,0.9969718251932724,2.1800085477530957,0.0,0.0,3.0263192415237428,0.0,0.0,2.451617693901062,0.0,0.0
379,2.0,1.0,0.14192865431952698,1.70192024409771,0.0,0.0,2.5111958175897597,0.0,0.0,2.925653100013733,0.0,0.0,1.926823663711548,0.0,0.0,1.0736785948276522,0.0,0.14192865431952698
380,2.0,1.0,0.0,2.9592794835567475,0.0,0.0,1.6778019785881044,0.0,0.0,0.8863131701946261,0.0,-0.24029835488194393,2.9922489404678343,0.0,0.0,1.906840866804123,0.0,0.0
381,2.0,1.0,0.06022668196424917,1.0305809378623965,0.0,0.06022668196424917,1.6171788394451143,0.0,0.0,2.1298319624736908,0.0,0.0,1.5605171352624896,0.0,0.0,2.3619100347161295,0.0,0.0
382,2.0,1.0,0.0,0.8618251025676731,0.0,-0.2954420971450879,2.3455239072442056,0.0,0.0,2.916393053531647,0.0,0.0,3.1254802942276,0.0,0.0,3.1105261862277986,0.0,0.0
383,2.0,1.0,0.8312069005965874,2.386168859899044,0.0,0.0,2.2856149956583978,0.0,0.0,1.8665377244353296,0.0,0.0,2.6010123640298843,0.0,0.0,1.5891556262969972,0.0,0.8312069005965874
384,2.0,1.0,0.0,3.392092007398605,0.0,0.0,2.9879820168018343,0.0,0.0,3.3731373727321623,0.0,0.0,1.2854950487613679,0.0,0.0,0.9189416885375978,0.0,-0.16868707278194012
385,2.0,1.0,0.46694275389997786,2.0213018476963045,0.0,0.0,1.2698923051357272,0.0,0.46694275389997786,1.4558240830898286,0.0,0.0,2.2777601003646852,0.0,0.0,2.6390726923942567,0.0,0.0
386,2.0,1.0,0.2995425567382854,1.1630666434764865,0.0,0.2995425567382854,1.250036430358887,0.0,0.0,2.692547705769539,0.0,0.0,1.8308247581124306,0.0,0.0,2.5524363279342652,0.0,0.0
387,2.0,1.0,0.9087758231606525,1.87774987667799,0.0,0.0,1.6979665964841844,0.0,0.9087758231606525,2.5041710883378983,0.0,0.0,2.2137293189764025,0.0,0.0,3.2578556597232815,0.0,0.0
388,2.0,1.0,0.29452766136612446,2.8990474164485933,0.0,0.0,3.0477750480175017,0.0,0.0,1.1600759923458102,0.0,0.29452766136612446,2.801250272989273,0.0,0.0,3.3729511737823485,0.0,0.0
389,2.0,1.0,0.2314964826645134,2.8887113988399507,0.0,0.0,2.1996230825781824,0.0,0.0,3.2294849216938015,0.0,0.0,1.595274195075035,0.0,0.0,1.1233566761016847,0.0,0.2314964826645134
390,2.0,1.0,0.0,2.9998755037784575,0.0,0.0,1.1303318142890932,0.0,0.0,0.8271969795227054,0.0,-0.3754669248406654,1.217317020893097,0.0,0.0,2.3370671585202216,0.0,0.0
391,2.0,1.0,0.5915012287367668,2.1873096987605094,0.0,0.0,2.6843957871198656,0.0,0.0,2.738573133945465,0.0,0.0,2.7293267637491225,0.0,0.0,1.3608609139919283,0.0,0.5915012287367668
392,2.0,1.0,0.0,2.3761824399232863,0.0,0.0,3.2350498914718626,0.0,0.0,1.4256200253963471,0.0,0.0,1.450111696124077,0.0,0.0,0.8643365025520326,0.0,-0.28973157943574934
393,2.0,1.0,0.6805618681881968,2.6018222481012345,0.0,0.0,2.875259977579117,0.0,0.0,3.3393573343753813,0.0,0.0,1.8861238315701485,0.0,0.0,1.434811419248581,0.0,0.6805618681881968
394,2.0,1.0,0.9880775128562378,1.8908098578453065,0.0,0.9880775128562378,2.2169152833521366,0.0,0.0,2.5326744437217714,0.0,0.0,2.210239260643721,0.0,0.0,2.551643568277359,0.0,0.0
395,2.0,1.0,0.0,1.0308094441890718,0.0,0.0,2.908057028055191,0.0,0.0,0.9765941679477694,0.0,-0.04735949707851836,2.051931700855494,0.0,0.0,1.083971840143204,0.0,0.0
396,2.0,1.0,0.08025156541810972,1.0465262472629548,0.0,0.0,3.312898564338684,0.0,0.0,1.6770027101039888,0.0,0.0,3.249547219276428,0.0,0.0,1.0409648418426516,0.0,0.08025156541810972
397,2.0,1.0,0.0,0.8793358623981478,0.0,-0.2558881093069032,2.604274681210518,0.0,0.0,3.253990268707275,0.0,0.0,3.1088912308216097,0.0,0.0,2.96076985001564,0.0,0.0
398,2.0,1.0,0.0,3.2429057359695435,0.0,0.0,0.9137340068817141,0.0,-0.17997380780525588,1.2372489094734194,0.0,0.0,3.290543609857559,0.0,0.0,1.502290561795235,0.0,0.0
399,2.0,1.0,0.13818528722631118,1.07166023850441,0.0,0.13818528722631118,2.131789945065975,0.0,0.0,3.0516565561294557,0.0,0.0,1.9093669891357423,0.0,0.0,2.655445027351379,0.0,0.0
400,2.0,1.0,0.48598466419865394,1.5759064823389055,0.0,0.0,1.846315960586071,0.0,0.0,1.283051371574402,0.0,0.48598466419865394,2.6944452613592147,0.0,0.0,1.5016951978206636,0.0,0.0
401,2.0,1.0,0.19639671681085907,3.185442864894867,0.0,0.0,3.0654527127742766,0.0,0.0,2.33903726041317,0.0,0.0,1.1035607755184176,0.0,0.19639671681085907,1.710652804374695,0.0,0.0
402,2.0,1.0,0.9576396916629687,2.121121057122946,0.0,0.0,1.7941837996244432,0.0,0.9576396916629687,2.272741194069386,0.0,0.0,2.1139888607896866,0.0,0.0,2.5835566580295564,0.0,0.0
403,2.0,1.0,0.0,0.9787375867366792,0.0,0.0,1.2523984372615815,0.0,0.0,3.146737813949585,0.0,0.0,0.8399829506874088,0.0,-0.34563955469589064,2.8642233312129974,0.0,0.0
404,2.0,1.0,0.5048977096189758,2.903882622718811,0.0,0.0,1.800585076212883,0.0,0.0,2.9593682825565337,0.0,0.0,3.1481065273284914,0.0,0.0,1.2963649451732637,0.0,0.5048977096189758
405,2.0,1.0,0.6552188629912991,2.71076300740242,0.0,0.0,2.718349316716194,0.0,0.0,1.6346272230148318,0.0,0.0,1.8281471505761147,0.0,0.0,1.4128193318843842,0.0,0.6552188629912991
406,2.0,1.0,0.0,1.3704877793788912,0.0,0.0,1.9604417562484742,0.0,0.0,2.854888355731964,0.0,0.0,1.3328955829143525,0.0,0.0,0.854634088277817,0.0,-0.3118630717351876
407,2.0,1.0,0.5893711901107216,1.359196746349335,0.0,0.5893711901107216,2.762522208690643,0.0,0.0,1.5244827568531039,0.0,0.0,2.389790712296963,0.0,0.0,1.90020362585783,0.0,0.0
408,2.0,1.0,0.9854963292417075,2.6567872792482374,0.0,0.0,2.1204311868175867,0.0,0.9854963292417075,3.316423094272613,0.0,0.0,3.1064933478832244,0.0,0.0,2.9096324741840363,0.0,0.0
409,2.0,1.0,0.31458178999223263,1.2956017076969149,0.0,0.0,3.0742048382759095,0.0,0.0,1.905183517932892,0.0,0.0,3.327367222309112,0.0,0.0,1.1721001207828525,0.0,0.31458178999223263
410,2.0,1.0,0.2690103753340104,2.9697848856449127,0.0,0.0,2.952981960773468,0.0,0.0,1.145020687580109,0.0,0.2690103753340104,2.1033368977950886,0.0,0.0,3.058501440286636,0.0,0.0
411,2.0,1.0,0.829028590156635,2.7755710899829866,0.0,0.0,3.1872196197509766,0.0,0.0,2.8613282978534698,0.0,0.0,2.4134868919849395,0.0,0.829028590156635,2.6482543617486956,0.0,0.0
412,2.0,1.0,0.0,1.8750633001327515,0.0,0.0,1.2972491383552553,0.0,0.0,0.9430666565895083,0.0,0.0,0.8732497215270998,0.0,-0.2695661900387582,1.9540829710662366,0.0,0.0
413,2.0,1.0,0.18420111862624733,2.903215855360031,0.0,0.18420111862624733,3.0353503942489626,0.0,0.0,3.2034290015697477,0.0,0.0,3.1713989853858946,0.0,0.0,3.3860560774803163,0.0,0.0
414,2.0,1.0,0.0,1.0622323572635652,0.0,0.0,0.9791959166526796,0.0,-0.042040976578563094,2.801695430278778,0.0,0.0,2.2756136983633044,0.0,0.0,3.3866463661193844,0.0,0.0
415,2.0,1.0,0.08032141721662044,2.9065864980220795,0.0,0.0,1.0410012602806094,0.0,0.08032141721662044,2.960813397169113,0.0,0.0,1.2197300136089329,0.0,0.0,2.589292639493942,0.0,0.0
416,2.0,1.0,0.0,1.7917367905378343,0.0,0.0,2.9213465809822083,0.0,0.0,0.9195802509784701,0.0,-0.16730683407574573,2.70998729467392,0.0,0.0,3.091347074508667,0.0,0.0
417,2.0,1.0,0.34633437480773877,2.6552349627017975,0.0,0.0,3.2527054727077482,0.0,0.0,2.77704758644104,0.0,0.0,2.3997833892703055,0.0,0.0,1.1915040969848634,0.0,0.34633437480773877
418,2.0,1.0,0.0,2.3860132873058317,0.0,0.0,2.590619084239006,0.0,0.0,1.1714125871658327,0.0,0.0,0.9139515876770021,0.0,-0.17950115390930438,3.076374912261963,0.0,0.0
419,2.0,1.0,0.382036134854125,3.361241561174393,0.0,0.0,2.2580535799264907,0.0,0.0,2.9733409523963927,0.0,0.0,1.2138932228088382,0.0,0.382036134854125,1.2465986847877506,0.0,0.0
420,2.0,1.0,0.0,0.8229367971420292,0.0,-0.3854777835222646,2.495611438155174,0.0,0.0,2.5277403652668,0.0,0.0,0.894772243499756,0.0,0.0,2.488577178120613,0.0,0.0
421,2.0,1.0,0.5112239373433738,1.7513408392667773,0.0,0.0,2.9913835763931274,0.0,0.0,1.6271598160266878,0.0,0.0,1.3008747875690463,0.0,0.5112239373433738,3.289107251167297,0.0,0.0
422,2.0,1.0,0.0,0.854208302497864,0.0,-0.31283861406482644,3.050970804691315,0.0,0.0,2.415832316875458,0.0,0.0,3.0995980203151703,0.0,0.0,2.1806657116860153,0.0,0.0
423,2.0,1.0,0.051814278280772924,1.7586458355188372,0.0,0.0,3.001681160926819,0.0,0.0,1.2096311807632447,0.0,0.0,1.0262517154216768,0.0,0.051814278280772924,2.2458842232823373,0.0,0.0
424,2.0,1.0,0.9414548199804436,2.96648491024971,0.0,0.0,1.7580388873815538,0.0,0.9414548199804436,2.0395425841212274,0.0,0.0,2.4720593243837357,0.0,0.0,2.4825854927301405,0.0,0.0
425,2.0,1.0,0.0,2.1179961759597066,0.0,0.0,2.833429992198944,0.0,0.0,2.8296038091182707,0.0,0.0,0.97872069478035,0.0,-0.04301141926993112,1.6569218933582308,0.0,0.0
426,2.0,1.0,0.18111910349410482,3.2352339982986447,0.0,0.0,2.6707676976919172,0.0,0.0,1.0950796186923983,0.0,0.18111910349410482,2.2747294664382935,0.0,0.0,3.2820155739784242,0.0,0.0
427,2.0,1.0,0.3693013132324404,3.213813138008118,0.0,0.0,1.6288595497608187,0.0,0.0,2.342376656830311,0.0,0.0,1.205834597349167,0.0,0.3693013132324404,1.7708689868450165,0.0,0.0
428,2.0,1.0,0.032002310265345134,1.735222852230072,0.0,0.0,2.922436034679413,0.0,0.0,1.2315367937088015,0.0,0.0,2.724258169531822,0.0,0.0,1.016131263971329,0.0,0.032002310265345134
429,2.0,1.0,0.0,0.8451861381530765,0.0,-0.33359505551380525,2.7664331614971163,0.0,0.0,3.174421793222427,0.0,0.0,2.8360992312431335,0.0,0.0,3.3062685489654537,0.0,0.0
430,2.0,1.0,0.22349508342448707,1.3953126013278963,0.0,0.0,1.1188048362731937,0.0,0.22349508342448707,2.3258475095033644,0.0,0.0,1.1550263822078706,0.0,0.0,2.2077361807227134,0.0,0.0
431,2.0,1.0,0.26365098433602496,1.7855544120073321,0.0,0.0,1.2972981095314027,0.0,0.0,1.1418921887874607,0.0,0.26365098433602496,2.3337156742811205,0.0,0.0,1.5976811438798906,0.0,0.0
432,2.0,1.0,0.9995659308601664,3.0594084918498994,0.0,0.0,2.581701099872589,0.0,0.0,2.020834325999022,0.0,0.9995659308601664,2.10309308283031,0.0,0.0,3.332347172498703,0.0,0.0
433,2.0,1.0,0.0,1.7700007170438767,0.0,0.0,0.996948975324631,0.0,-0.006111358102307703,3.3818296015262606,0.0,0.0,1.6233340203762057,0.0,0.0,1.747655913233757,0.0,0.0
434,2.0,1.0,0.0,0.8600805819034578,0.0,0.0,2.7255338609218596,0.0,0.0,0.8090241014957431,0.0,-0.418423590818022,1.9421296358108522,0.0,0.0,3.1876439332962034,0.0,0.0
435,2.0,1.0,0.2042240758295701,1.4551126450300218,0.0,0.0,1.6119340032339098,0.0,0.0,1.1079372644424441,0.0,0.2042240758295701,3.218870574235916,0.0,0.0,3.018798989057541,0.0,0.0
436,2.0,1.0,0.09096094346498344,1.7440825283527377,0.0,0.0,2.9678574204444885,0.0,0.0,1.4961943089962007,0.0,0.0,1.0465646028518678,0.0,0.09096094346498344,1.2357484698295595,0.0,0.0
437,2.0,1.0,0.8658785346845859,2.2154172264039516,0.0,0.0,2.767961263656616,0.0,0.0,2.5102614134550096,0.0,0.0,1.7232694685459138,0.0,0.0,1.6337740242481233,0.0,0.8658785346845859
438,2.0,1.0,0.44455078643499346,2.4534830152988434,0.0,0.0,1.2547153472900394,0.0,0.44455078643499346,2.2995210468769076,0.0,0.0,1.6852645814418794,0.0,0.0,1.9810901388525963,0.0,0.0
439,2.0,1.0,0.8534411067301525,1.6171698898077014,0.0,0.8534411067301525,2.5972480922937393,0.0,0.0,3.0288983643054963,0.0,0.0,2.8985260903835295,0.0,0.0,1.9791474476456643,0.0,0.0
440,2.0,1.0,0.18132776343723123,2.1802272956818345,0.0,0.0,1.0951949179172518,0.0,0.18132776343723123,2.3722589731216432,0.0,0.0,3.312454801797867,0.0,0.0,3.054929256439209,0.0,0.0
441,2.0,1.0,0.0,2.876680451631546,0.0,0.0,1.2165315449237826,0.0,0.0,2.4046453669667245,0.0,0.0,0.9692990899086,0.0,-0.06234436606324016,3.0802261233329773,0.0,0.0
442,2.0,1.0,0.0,3.3329497814178466,0.0,0.0,2.7320635318756104,0.0,0.0,0.9527984380722048,0.0,-0.09663111130401396,1.8099249333143237,0.0,0.0,3.0352197527885436,0.0,0.0
443,2.0,1.0,0.6013089737890462,1.5944278538227081,0.0,0.0,1.3685801506042483,0.0,0.6013089737890462,2.350355955958366,0.0,0.0,1.932836425304413,0.0,0.0,3.1277334332466125,0.0,0.0
444,2.0,1.0,0.43621774638302496,1.9412434957921505,0.0,0.0,2.2396421901881696,0.0,0.0,1.2491456508636478,0.0,0.43621774638302496,3.3629241704940798,0.0,0.0,2.9344664394855497,0.0,0.0
445,2.0,1.0,0.0,1.4684160292148591,0.0,0.0,3.2762189984321592,0.0,0.0,0.9766703367233278,0.0,-0.04720359974194728,3.3642369389533995,0.0,0.0,1.7487365722656252,0.0,0.0
446,2.0,1.0,0.07043373102543796,1.0358598291873935,0.0,0.07043373102543796,1.097980308532715,0.0,0.0,1.1995603978633884,0.0,0.0,2.853316009044647,0.0,0.0,3.357518744468689,0.0,0.0
447,2.0,1.0,0.0,0.837671929597855,0.0,0.0,2.6353121012449265,0.0,0.0,2.325250905752182,0.0,0.0,2.232972298562527,0.0,0.0,0.8281573414802554,0.0,-0.37321521632662263
448,2.0,1.0,0.45481301551654396,1.611982935667038,0.0,0.0,1.2616322159767153,0.0,0.45481301551654396,2.6841908752918244,0.0,0.0,3.0574216723442076,0.0,0.0,2.505440193414688,0.0,0.0
449,2.0,1.0,0.0,0.9631989240646364,0.0,0.0,2.264907103776932,0.0,0.0,3.1224736034870144,0.0,0.0,1.095717251300812,0.0,0.0,0.9054908871650698,0.0,-0.19795019807870606
450,2.0,1.0,0.4926558525835403,3.2461954832077025,0.0,0.0,3.3563168585300445,0.0,0.0,3.2760354340076443,0.0,0.0,1.2877190530300142,0.0,0.4926558525835403,3.3216706812381744,0.0,0.0
451,2.0,1.0,0.0,3.2265654027462007,0.0,0.0,2.42948012650013,0.0,0.0,0.8638756930828098,0.0,0.0,0.8547770500183107,0.0,-0.31153560516476275,1.899396724998951,0.0,0.0
452,2.0,1.0,0.27699042338656893,1.1497003018856051,0.0,0.27699042338656893,1.1741164624691012,0.0,0.0,2.34080706089735,0.0,0.0,3.372071862220764,0.0,0.0,3.3012943327426907,0.0,0.0
453,2.0,1.0,0.0,0.8667498826980593,0.0,-0.28425582836486235,1.2420268535614016,0.0,0.0,2.849366235733032,0.0,0.0,1.3523243546485904,0.0,0.0,1.9744079269468786,0.0,0.0
454,2.0,1.0,0.0,0.937954515218735,0.0,-0.1279406117442723,2.935539388656616,0.0,0.0,3.3436292946338653,0.0,0.0,1.3046867907047273,0.0,0.0,2.1224343122914435,0.0,0.0
455,2.0,1.0,0.5750629226861544,1.4480595171451571,0.0,0.0,2.759063696861267,0.0,0.0,2.492582005262375,0.0,0.0,2.8195260524749757,0.0,0.0,1.3481280207633974,0.0,0.5750629226861544
456,2.0,1.0,0.7543926242333145,3.1129032254219053,0.0,0.0,1.504412090778351,0.0,0.7543926242333145,2.714232677221298,0.0,0.0,1.762703624367714,0.0,0.0,1.7910940825939181,0.0,0.0
457,2.0,1.0,0.7692873547181577,2.6788182258605957,0.0,0.0,1.9754506178200246,0.0,0.0,2.7508917093276977,0.0,0.0,1.5196744382381442,0.0,0.7692873547181577,3.2319500625133513,0.0,0.0
458,2.0,1.0,0.3842646087605809,2.572900080680847,0.0,0.0,1.5141508460044864,0.0,0.0,1.6413658738136294,0.0,0.0,1.9598624609410764,0.0,0.0,1.2153119146823885,0.0,0.3842646087605809
459,2.0,1.0,0.9980219660595961,2.6248426914215086,0.0,0.0,2.6160387277603148,0.0,0.0,2.1325881553813817,0.0,0.0,2.9253287434577944,0.0,0.0,2.044475093483925,0.0,0.9980219660595961
460,2.0,1.0,0.0,2.228910557925701,0.0,0.0,3.0649411499500276,0.0,0.0,2.754663419723511,0.0,0.0,2.8968463480472564,0.0,0.0,0.9737386524677278,0.0,-0.0532123534387551
461,2.0,1.0,0.0,2.32459634244442,0.0,0.0,2.968698763847351,0.0,0.0,1.5753715962171557,0.0,0.0,0.9311629414558413,0.0,-0.14241265771732928,2.9297160029411318,0.0,0.0
462,2.0,1.0,0.055875419512617416,2.6738142162561416,0.0,0.0,1.0283392667770388,0.0,0.055875419512617416,2.945809465646744,0.0,0.0,1.589966556429863,0.0,0.0,1.192085319757462,0.0,0.0
463,2.0,1.0,0.0,0.8592298626899721,0.0,-0.3013565061783398,1.4301443576812747,0.0,0.0,3.3954799294471742,0.0,0.0,2.5446659117937087,0.0,0.0,1.0503882288932802,0.0,0.0
464,2.0,1.0,0.23559058300486702,2.0379988733679055,0.0,0.0,3.26518452167511,0.0,0.0,3.2253063321113586,0.0,0.0,1.5471169710159303,0.0,0.0,1.1256948947906498,0.0,0.23559058300486702
465,2.0,1.0,0.0,0.9177250027656558,0.0,0.0,0.8963078618049625,0.0,-0.2181363359135338,2.8938840568065642,0.0,0.0,1.054984933137894,0.0,0.0,2.8428354799747466,0.0,0.0
466,2.0,1.0,0.8452652603135221,2.5435348093509673,0.0,0.0,1.6066366314888003,0.0,0.8452652603135221,2.174267292395234,0.0,0.0,2.006683922559023,0.0,0.0,1.981517929583788,0.0,0.0
467,2.0,1.0,0.7462699562368316,3.0919571220874786,0.0,0.0,2.1009828454698436,0.0,0.0,2.3504312142729757,0.0,0.0,1.98872814103961,0.0,0.0,1.4962837666273119,0.0,0.7462699562368316
468,2.0,1.0,0.7302779814873871,1.480652314424515,0.0,0.7302779814873871,2.072226841561496,0.0,0.0,2.9450700163841246,0.0,0.0,2.727304184436798,0.0,0.0,2.374445028603077,0.0,0.0
469,2.0,1.0,0.0,1.3716802895069125,0.0,0.0,2.270460915565491,0.0,0.0,1.9409337259829045,0.0,0.0,1.1908302783966067,0.0,0.0,0.8977005958557132,0.0,-0.21506397637684982
470,2.0,1.0,0.36211290204567825,1.231715089082718,0.0,0.0,2.190787010639906,0.0,0.0,1.4573467224836352,0.0,0.0,1.2013216555118564,0.0,0.36211290204567825,1.2482955515384675,0.0,0.0
471,2.0,1.0,0.0,0.905979669094086,0.0,-0.19688048443548553,0.9676389515399935,0.0,0.0,2.71984778046608,0.0,0.0,1.6880491971969607,0.0,0.0,2.0330326139926913,0.0,0.0
472,2.0,1.0,0.0,2.7356486558914184,0.0,0.0,2.05427277199924,0.0,0.0,3.220578598976135,0.0,0.0,1.6985388308763505,0.0,0.0,0.9010499298572543,0.0,-0.2076912566667457
473,2.0,1.0,0.0,3.3698379397392273,0.0,0.0,2.0089624479413035,0.0,0.0,1.7962824508547786,0.0,0.0,0.8800401329994205,0.0,-0.25431010369195567,3.2928414583206176,0.0,0.0
474,2.0,1.0,0.0,1.9139105379581451,0.0,0.0,2.402082535624504,0.0,0.0,1.583463114500046,0.0,0.0,0.8601927042007449,0.0,-0.2991606715572106,1.2749916613101961,0.0,0.0
475,2.0,1.0,0.0,1.174958580732346,0.0,0.0,0.9044393241405491,0.0,0.0,1.3888164818286897,0.0,0.0,2.5381613075733185,0.0,0.0,0.853812348842621,0.0,-0.31374613166566945
476,2.0,1.0,0.11746918391878029,2.389891754090786,0.0,0.0,1.7994518816471101,0.0,0.0,1.1442746520042422,0.0,0.0,1.0605688869953158,0.0,0.11746918391878029,3.2830993711948393,0.0,0.0
477,2.0,1.0,0.0,0.8394895195961001,0.0,-0.3467845751272906,3.178029465675354,0.0,0.0,1.1730392515659336,0.0,0.0,1.353118741512299,0.0,0.0,3.311651116609573,0.0,0.0
478,2.0,1.0,0.6891391128372109,2.0094699233770372,0.0,0.0,3.1371317148208617,0.0,0.0,1.4424510002136233,0.0,0.6891391128372109,2.2893663078546527,0.0,0.0,3.3880051612854003,0.0,0.0
479,2.0,1.0,0.0,2.891474550962448,0.0,0.0,1.3665100336074831,0.0,0.0,0.8668434858322147,0.0,-0.28404368560088616,2.5407796770334246,0.0,0.0,1.8161683127284052,0.0,0.0
480,2.0,1.0,0.11131404923243729,3.339520907402038,0.0,0.0,3.067471843957901,0.0,0.0,3.3522003352642056,0.0,0.0,3.307472139596939,0.0,0.0,1.0572985887527468,0.0,0.11131404923243729
481,2.0,1.0,0.628951884504153,1.3908628106117251,0.0,0.628951884504153,2.4700867235660553,0.0,0.0,1.671495506167412,0.0,0.0,2.175996378809214,0.0,0.0,3.3720929384231564,0.0,0.0
482,2.0,1.0,0.1596238133971365,3.163205921649933,0.0,0.0,2.939629489183426,0.0,0.0,3.100167542695999,0.0,0.0,1.115865790843964,0.0,0.0,1.0832796573638919,0.0,0.1596238133971365
483,2.0,1.0,0.3207141603659097,2.876825350522995,0.0,0.0,1.1758120119571687,0.0,0.3207141603659097,2.766071844100952,0.0,0.0,3.0010712683200835,0.0,0.0,2.127865013293922,0.0,0.0
484,2.0,1.0,0.0,2.9616256058216095,0.0,0.0,3.232710820436478,0.0,0.0,0.8321664690971378,0.0,-0.3638351559010464,0.9730299651622774,0.0,0.0,2.201860782504082,0.0,0.0
485,2.0,1.0,0.634383604893053,2.942665857076645,0.0,0.0,1.7146917641162873,0.0,0.0,1.4056806206703187,0.0,0.0,3.2818029522895813,0.0,0.0,1.3953377842903139,0.0,0.634383604893053
486,2.0,1.0,0.030974527567675818,1.4315386414527895,0.0,0.0,1.4914437562227252,0.0,0.0,2.5849056512117388,0.0,0.0,3.0500022292137148,0.0,0.0,1.0156090855598452,0.0,0.030974527567675818
487,2.0,1.0,0.0,0.8699383556842806,0.0,-0.2770393199535476,1.1707557380199436,0.0,0.0,3.041591042280197,0.0,0.0,1.2401101589202883,0.0,0.0,2.0477830354124307,0.0,0.0
488,2.0,1.0,0.08976313563216058,1.0459366559982302,0.0,0.08976313563216058,1.2785067379474642,0.0,0.0,2.473044404387474,0.0,0.0,1.6717925101518634,0.0,0.0,2.904603087902069,0.0,0.0
489,2.0,1.0,0.9455020527458318,1.8515505105257035,0.0,0.0,3.363983017206192,0.0,0.0,2.8663139820098875,0.0,0.0,1.7665520459413528,0.0,0.9455020527458318,3.0695366144180296,0.0,0.0
490,2.0,1.0,0.0,1.9714424878358843,0.0,0.0,3.069267350435257,0.0,0.0,3.1701315462589266,0.0,0.0,2.759026736021042,0.0,0.0,0.9097334027290347,0.0,-0.18868125312480927
491,2.0,1.0,0.5549906155116243,1.6692662715911868,0.0,0.0,1.7689213752746582,0.0,0.0,2.183114391565323,0.0,0.0,2.2126554496586324,0.0,0.0,1.3329097628593447,0.0,0.5549906155116243
492,2.0,1.0,0.0,0.8704029619693758,0.0,-0.2759894683275594,2.9788411438465117,0.0,0.0,1.565465819835663,0.0,0.0,0.9943784534931186,0.0,0.0,3.251629036664963,0.0,0.0
493,2.0,1.0,0.7886751452691456,2.8438478350639342,0.0,0.0,3.243858426809311,0.0,0.0,1.5402991682291032,0.0,0.7886751452691456,1.83730346262455,0.0,0.0,2.016831697523594,0.0,0.0
494,2.0,1.0,0.4431903082817324,1.5782851487398148,0.0,0.0,1.2538031816482547,0.0,0.4431903082817324,1.7386252254247667,0.0,0.0,1.8432747691869737,0.0,0.0,2.9370812833309174,0.0,0.0
495,2.0,1.0,0.18549020394893034,1.0974980354309085,0.0,0.18549020394893034,1.499864783883095,0.0,0.0,2.746154871582985,0.0,0.0,2.548304384946823,0.0,0.0,3.1371527135372164,0.0,0.0
496,2.0,1.0,0.0,1.4491836845874788,0.0,0.0,3.3605585992336273,0.0,0.0,3.0856659531593325,0.0,0.0,3.0350588142871855,0.0,0.0,0.9937481820583345,0.0,-0.012542721110906763
497,2.0,1.0,0.3116926126059177,2.6956844955682753,0.0,0.0,2.124961594492197,0.0,0.0,1.5551499098539354,0.0,0.0,1.1703570723533634,0.0,0.3116926126059177,1.5807688862085345,0.0,0.0
498,2.0,1.0,0.0017366134948579941,2.1529935441911223,0.0,0.0,3.078491908311844,0.0,0.0,1.1858142971992494,0.0,0.0,1.0008686840534213,0.0,0.0017366134948579941,2.699863937497139,0.0,0.0
499,2.0,1.0,0.3405835536550627,1.5379001617431642,0.0,0.0,3.35144949555397,0.0,0.0,1.5635431975126268,0.0,0.0,1.1879553914070131,0.0,0.3405835536550627,1.2700715303421024,0.0,0.0
