,monopoly,nash,metric,prices_0,actions_0,rewards_0,prices_1,actions_1,rewards_1
0,2.0,1.0,0.7389439735363709,1.4890635788440707,0.0,0.7389439735363709,3.1223879814147946,0.0,0.0
1,2.0,1.0,0.0,2.8346806943416594,0.0,0.0,0.88204562664032,0.0,-0.2498219809140347
2,2.0,1.0,0.36337142179913856,1.2021099209785464,0.0,0.36337142179913856,3.298325455188751,0.0,0.0
3,2.0,1.0,0.8169478235790051,2.6001590490341187,0.0,0.0,1.5721540272235872,0.0,0.8169478235790051
4,2.0,1.0,0.024950177000723023,1.5367491841316223,0.0,0.0,1.0125538885593417,0.0,0.024950177000723023
5,2.0,1.0,0.0,0.8076962232589724,0.0,-0.42158829603091824,1.8029761984944344,0.0,0.0
6,2.0,1.0,0.1768275387030931,3.1153235018253325,0.0,0.0,2.907288521528244,0.0,0.1768275387030931
7,2.0,1.0,0.027365428155428827,1.0137776255607607,0.0,0.027365428155428827,2.910390442609787,0.0,0.0
8,2.0,1.0,0.9999536630443363,2.006807125359774,0.0,0.9999536630443363,2.2877918109297752,0.0,0.0
9,2.0,1.0,0.02752207969979,1.0138570487499239,0.0,0.02752207969979,2.0855291094630957,0.0,0.0
10,2.0,1.0,0.9199761340412242,1.7171151012182237,0.0,0.9199761340412242,2.9813041925430297,0.0,0.0
11,2.0,1.0,0.7550314986557846,3.28800710439682,0.0,0.0,2.4949429273605346,0.0,0.7550314986557846
12,2.0,1.0,0.8633423455006541,2.7489039987325667,0.0,0.0,1.6303276389837267,0.0,0.8633423455006541
13,2.0,1.0,0.928295098207684,2.2677777096629144,0.0,0.928295098207684,3.1925536036491393,0.0,0.0
14,2.0,1.0,0.0,3.339974045753479,0.0,0.0,3.1319582819938656,0.0,0.0
15,2.0,1.0,0.9686097574364932,2.2548869773745537,0.0,0.0,2.1771729171276095,0.0,0.9686097574364932
16,2.0,1.0,0.947422784576073,3.058421087265015,0.0,0.0,1.7707027792930603,0.0,0.947422784576073
17,2.0,1.0,0.0,0.9473269164562228,0.0,-0.10812062081756413,1.4338403642177584,0.0,0.0
18,2.0,1.0,0.9926590460388398,1.914320632815361,0.0,0.9926590460388398,2.3238764971494676,0.0,0.0
19,2.0,1.0,0.021334792572917264,1.01072490811348,0.0,0.021334792572917264,1.113376319408417,0.0,0.0
20,2.0,1.0,0.875914387677006,1.6477421224117281,0.0,0.875914387677006,2.8100966215133667,0.0,0.0
21,2.0,1.0,0.9983910332870286,2.0401119273155928,0.0,0.9983910332870286,2.3361840695142746,0.0,0.0
22,2.0,1.0,0.9360350481294212,2.8088250756263733,0.0,0.0,2.252912933379412,0.0,0.9360350481294212
23,2.0,1.0,0.07356282759731471,1.0374839365482333,0.0,0.07356282759731471,3.2325267136096953,0.0,0.0
24,2.0,1.0,0.0,3.359375697374344,0.0,0.0,3.12679004073143,0.0,0.0
25,2.0,1.0,0.1907852998438833,1.1004363834857944,0.0,0.1907852998438833,2.9987404108047486,0.0,0.0
26,2.0,1.0,0.0,0.9468003213405611,0.0,-0.1092295631283453,2.9024251878261564,0.0,0.0
27,2.0,1.0,0.14972848726982285,2.9221016824245454,0.0,0.14972848726982285,3.093533730506897,0.0,0.0
28,2.0,1.0,0.9927696369767013,2.0850315413437785,0.0,0.9927696369767013,2.296203947067261,0.0,0.0
29,2.0,1.0,0.5499641044185205,2.0124344520270827,0.0,0.0,1.3291528522968294,0.0,0.5499641044185205
30,2.0,1.0,0.9135241061905358,1.7059321612119676,0.0,0.9135241061905358,2.367873902618885,0.0,0.0
31,2.0,1.0,0.9805784099064594,2.882534521818161,0.0,0.0,1.8606386348605157,0.0,0.9805784099064594
32,2.0,1.0,0.09160209082081362,1.0469008922576906,0.0,0.09160209082081362,1.5408179372549058,0.0,0.0
33,2.0,1.0,0.2321058084266149,2.2903533443808555,0.0,0.0,1.123704278469086,0.0,0.2321058084266149
34,2.0,1.0,0.8227939980606704,1.5790415674448015,0.0,0.8227939980606704,2.568801999092102,0.0,0.0
35,2.0,1.0,0.0,0.8570308864116671,0.0,-0.30637839461689936,3.286598873138428,0.0,0.0
36,2.0,1.0,0.05102775557440933,3.1063666582107543,0.0,0.0,1.0258479356765748,0.0,0.05102775557440933
37,2.0,1.0,0.9847948125595984,2.123309316113591,0.0,0.9847948125595984,2.166099876537919,0.0,0.0
38,2.0,1.0,0.6853080421504274,1.4390258848667146,0.0,0.6853080421504274,2.968918281793594,0.0,0.0
39,2.0,1.0,0.0,0.8532930374145511,0.0,-0.3149368580419461,1.3664629220962525,0.0,0.0
40,2.0,1.0,0.7792830218742635,2.4698052555322647,0.0,0.7792830218742635,3.029984951019287,0.0,0.0
41,2.0,1.0,0.9318968090835367,3.1578303277492523,0.0,0.0,1.7390341192483905,0.0,0.9318968090835367
42,2.0,1.0,0.802445573751724,1.5555290490388871,0.0,0.802445573751724,1.8085763081908226,0.0,0.0
43,2.0,1.0,0.0,2.271417945623398,0.0,0.0,0.8951650202274326,0.0,-0.2206603325290494
44,2.0,1.0,0.7204067659411051,2.9827470600605013,0.0,0.0,1.4712342351675036,0.0,0.7204067659411051
45,2.0,1.0,0.269807112716461,2.854513245820999,0.0,0.269807112716461,3.3135019481182098,0.0,0.0
46,2.0,1.0,0.5801638645444075,2.6949137806892396,0.0,0.0,2.647947633266449,0.0,0.5801638645444075
47,2.0,1.0,0.0,3.018667495250702,0.0,0.0,0.8235813260078433,0.0,-0.3839608965174643
48,2.0,1.0,0.0,3.0546422481536863,0.0,0.0,3.3476126968860624,0.0,0.0
49,2.0,1.0,0.0,3.240738296508789,0.0,0.0,3.023445671796799,0.0,0.0
50,2.0,1.0,0.0,0.9509944081306461,0.0,-0.10041273177317356,1.4116347253322603,0.0,0.0
51,2.0,1.0,0.9982020721984189,2.0424019787460566,0.0,0.9982020721984189,3.1466668367385866,0.0,0.0
52,2.0,1.0,0.3753584063741257,1.209657293558121,0.0,0.3753584063741257,2.6752387195825578,0.0,0.0
53,2.0,1.0,0.2776806158182947,1.1501062512397768,0.0,0.2776806158182947,3.1533613979816435,0.0,0.0
54,2.0,1.0,0.828994402342733,2.8267353534698487,0.0,0.0,2.4135282307863237,0.0,0.828994402342733
55,2.0,1.0,0.2893374622644389,2.5656764447689056,0.0,0.0,1.1569919705390932,0.0,0.2893374622644389
56,2.0,1.0,0.8114240669256878,2.434253305196762,0.0,0.8114240669256878,2.532587969303131,0.0,0.0
57,2.0,1.0,0.661598151771919,1.4182768285274507,0.0,0.661598151771919,3.0729352295398713,0.0,0.0
58,2.0,1.0,0.8461996686179569,2.392173853516579,0.0,0.8461996686179569,2.9840822219848633,0.0,0.0
59,2.0,1.0,0.0,0.9438663899898532,0.0,-0.11541820219306491,2.5117515474557877,0.0,0.0
60,2.0,1.0,0.7757665162078738,2.2928429126739505,0.0,0.0,1.5264670193195344,0.0,0.7757665162078738
61,2.0,1.0,0.04472307784658324,1.0226173102855685,0.0,0.04472307784658324,1.3140968501567842,0.0,0.0
62,2.0,1.0,0.0,0.8892530679702761,0.0,-0.23375874701344398,1.706869471073151,0.0,0.0
63,2.0,1.0,0.822430661311373,3.3014811515808105,0.0,0.0,2.4213897705078127,0.0,0.822430661311373
64,2.0,1.0,0.8563407133157306,3.3309044599533078,0.0,0.0,2.379024124145508,0.0,0.8563407133157306
65,2.0,1.0,0.722063288220034,3.0467991888523103,0.0,0.0,2.5271970331668854,0.0,0.722063288220034
66,2.0,1.0,0.5195556016682645,3.373733550310135,0.0,0.0,1.3068590342998507,0.0,0.5195556016682645
67,2.0,1.0,0.0,1.0618365585803988,0.0,0.0,0.9100030541419986,0.0,-0.18809334197977093
68,2.0,1.0,0.6995380956118519,1.4518559455871585,0.0,0.6995380956118519,1.4556172728538515,0.0,0.0
69,2.0,1.0,0.9885923059314736,2.689846929907799,0.0,0.0,1.8931931927800179,0.0,0.9885923059314736
70,2.0,1.0,0.11169820823110074,3.1035943627357483,0.0,0.0,2.9424976348876952,0.0,0.11169820823110074
71,2.0,1.0,0.4700566575206133,2.727972075343132,0.0,0.4700566575206133,3.346136200428009,0.0,0.0
72,2.0,1.0,0.0,2.059706705622375,0.0,0.0,0.8823007881641391,0.0,-0.24925152813850454
73,2.0,1.0,0.0,1.8203389987349512,0.0,0.0,0.9025173604488375,0.0,-0.20446814411618697
74,2.0,1.0,0.8495372400983076,1.612104704976082,0.0,0.8495372400983076,1.9162044540047647,0.0,0.0
75,2.0,1.0,0.0,1.3828647017478946,0.0,0.0,0.8172377765178682,0.0,-0.39892647729639624
76,2.0,1.0,0.911095621278182,2.2981683731079103,0.0,0.911095621278182,2.331703342497349,0.0,0.0
77,2.0,1.0,0.5017096057024503,3.3195326089859005,0.0,0.0,1.294103127717972,0.0,0.5017096057024503
78,2.0,1.0,0.9846779582033431,3.1064028441905975,0.0,0.0,1.8762177646160128,0.0,0.9846779582033431
79,2.0,1.0,0.0,3.3706809878349304,0.0,0.0,0.962677597999573,0.0,-0.07603776569193553
80,2.0,1.0,0.2015099552528316,1.598761647939682,0.0,0.0,1.1064172983169558,0.0,0.2015099552528316
81,2.0,1.0,0.9712853073676935,3.21088005900383,0.0,0.0,2.169454101845622,0.0,0.9712853073676935
82,2.0,1.0,0.0,3.19402893781662,0.0,0.0,0.8386772334575656,0.0,-0.34867056808977354
83,2.0,1.0,0.9980850781653628,2.683092471957207,0.0,0.0,2.043759819865227,0.0,0.9980850781653628
84,2.0,1.0,0.20418907823830493,2.8920823514461516,0.0,0.20418907823830493,3.2716517388820647,0.0,0.0
85,2.0,1.0,0.0,0.8354063928127291,0.0,-0.35627826990145944,1.166099447011948,0.0,0.0
86,2.0,1.0,0.0,3.3127306520938875,0.0,0.0,0.9672460973262789,0.0,-0.06658062348780187
87,2.0,1.0,0.5516448546015241,2.232098197937012,0.0,0.0,1.3304067313671113,0.0,0.5516448546015241
88,2.0,1.0,0.9025533675125033,1.687835568189621,0.0,0.9025533675125033,3.1987426459789274,0.0,0.0
89,2.0,1.0,0.9189050813093116,3.0979738354682924,0.0,0.0,2.2847716957330704,0.0,0.9189050813093116
90,2.0,1.0,0.45642329155214734,1.2627234518527986,0.0,0.45642329155214734,2.4407516330480576,0.0,0.0
91,2.0,1.0,0.9294846207097984,1.7344526797533035,0.0,0.9294846207097984,2.1092212011571974,0.0,0.0
92,2.0,1.0,0.4304491074545694,1.2453140437602999,0.0,0.4304491074545694,2.7111509412527086,0.0,0.0
93,2.0,1.0,0.7113349387862201,2.441970798373222,0.0,0.0,1.4627244085073472,0.0,0.7113349387862201
94,2.0,1.0,0.9296641919510895,2.26520898938179,0.0,0.9296641919510895,3.0231201529502867,0.0,0.0
95,2.0,1.0,0.8884419233521141,2.3340031087398527,0.0,0.8884419233521141,2.8680570304393767,0.0,0.0
96,2.0,1.0,0.08756441553206218,1.0447850584983829,0.0,0.08756441553206218,1.6296039968729021,0.0,0.0
97,2.0,1.0,0.6974742585905107,1.4499765992164613,0.0,0.6974742585905107,3.2401774525642395,0.0,0.0
98,2.0,1.0,0.9984425390829816,1.9605353206396103,0.0,0.9984425390829816,3.1969049870967865,0.0,0.0
99,2.0,1.0,0.0,1.4037573397159577,0.0,0.0,0.8637264549732211,0.0,-0.29111756912772335
100,2.0,1.0,0.2962066777941111,2.9492915332317353,0.0,0.0,2.8389239072799684,0.0,0.2962066777941111
101,2.0,1.0,0.0,0.878225487470627,0.0,-0.2583780569605124,2.3635542303323747,0.0,0.0
102,2.0,1.0,0.8989198909917401,2.0133257545530796,0.0,0.0,1.6820690184831621,0.0,0.8989198909917401
103,2.0,1.0,0.9485329345730735,1.7731364607810975,0.0,0.9485329345730735,3.102026665210724,0.0,0.0
104,2.0,1.0,0.5646423153919599,2.659816402196884,0.0,0.5646423153919599,3.2648921668529507,0.0,0.0
105,2.0,1.0,0.9247931797347054,2.914541834592819,0.0,0.0,1.7257613807916643,0.0,0.9247931797347054
106,2.0,1.0,0.8235091899259221,3.2072971820831295,0.0,0.0,2.4201080933213235,0.0,0.8235091899259221
107,2.0,1.0,0.9966796423690969,1.9423774555325508,0.0,0.9966796423690969,2.002546749264002,0.0,0.0
108,2.0,1.0,0.6616210496998961,1.9889671854674817,0.0,0.0,1.4182965099811555,0.0,0.6616210496998961
109,2.0,1.0,0.11995737799762571,1.4286035478115084,0.0,0.0,1.0618941307067873,0.0,0.11995737799762571
110,2.0,1.0,0.9777385392064634,2.7271154284477235,0.0,0.0,1.850797249376774,0.0,0.9777385392064634
111,2.0,1.0,0.49675953264752487,1.290605562925339,0.0,0.49675953264752487,2.2367490842938422,0.0,0.0
112,2.0,1.0,0.9998039655751373,2.6550840586423874,0.0,0.0,2.014001229405403,0.0,0.9998039655751373
113,2.0,1.0,0.0,3.0587421119213105,0.0,0.0,3.1616822361946104,0.0,0.0
114,2.0,1.0,0.9538274123191968,2.1140545907430353,0.0,0.0,1.785121923685074,0.0,0.9538274123191968
115,2.0,1.0,0.8897072011069379,2.332103596627712,0.0,0.8897072011069379,3.221457368135452,0.0,0.0
116,2.0,1.0,0.7339382628557214,3.3032640278339382,0.0,0.0,1.4841882735490801,0.0,0.7339382628557214
117,2.0,1.0,0.6484704287070138,1.407100707292557,0.0,0.6484704287070138,2.513749951124191,0.0,0.0
118,2.0,1.0,0.3409177535993674,1.1881611943244936,0.0,0.3409177535993674,2.4364466637372972,0.0,0.0
119,2.0,1.0,0.0,2.6591732680797575,0.0,0.0,0.8583583772182468,0.0,-0.3033455948677548
120,2.0,1.0,0.7064652561970114,2.5417884677648543,0.0,0.7064652561970114,2.788995933532715,0.0,0.0
121,2.0,1.0,0.9860913669712248,1.8820651322603226,0.0,0.9860913669712248,3.335536652803421,0.0,0.0
122,2.0,1.0,0.04017396707725056,1.197276729345322,0.0,0.0,1.0202928841114047,0.0,0.04017396707725056
123,2.0,1.0,0.0,3.111446177959442,0.0,0.0,3.26887417435646,0.0,0.0
124,2.0,1.0,0.49663507702941695,2.994209259748459,0.0,0.0,1.2905178487300875,0.0,0.49663507702941695
125,2.0,1.0,0.5764782565094251,2.7790339410305025,0.0,0.0,2.650785481929779,0.0,0.5764782565094251
126,2.0,1.0,0.0,0.8551857113838199,0.0,-0.3105997554197704,0.9308421492576602,0.0,0.0
127,2.0,1.0,0.9057686102140935,1.6930286824703218,0.0,0.9057686102140935,2.3653761982917785,0.0,0.0
128,2.0,1.0,0.6764974423490993,1.4312271475791933,0.0,0.6764974423490993,3.064318782091141,0.0,0.0
129,2.0,1.0,0.7328455592292455,2.774950349330902,0.0,0.0,2.5168698489665986,0.0,0.7328455592292455
130,2.0,1.0,0.2974816458001206,1.1618363201618198,0.0,0.2974816458001206,3.2273864448070526,0.0,0.0
131,2.0,1.0,0.0,3.3009294509887694,0.0,0.0,3.3535073697566986,0.0,0.0
132,2.0,1.0,0.0,1.2007671654224397,0.0,0.0,0.8509665966033939,0.0,-0.3202777621211877
133,2.0,1.0,0.544975627473363,2.674554944038391,0.0,0.544975627473363,3.164673352241516,0.0,0.0
134,2.0,1.0,0.3109480912636391,2.8804866433143617,0.0,0.0,2.830091506242752,0.0,0.3109480912636391
135,2.0,1.0,0.10719517980087498,1.055116504430771,0.0,0.10719517980087498,1.863056218624115,0.0,0.0
136,2.0,1.0,0.5479405945341672,1.7561830580234528,0.0,0.0,1.3276463687419895,0.0,0.5479405945341672
137,2.0,1.0,0.48942585241325887,2.714544713497162,0.0,0.48942585241325887,3.265736144781113,0.0,0.0
138,2.0,1.0,0.0,0.84448419213295,0.0,-0.3352167822306412,0.9671934068202974,0.0,0.0
139,2.0,1.0,0.0,0.8218618333339693,0.0,-0.38800953975519586,0.8856828212738039,0.0,0.0
140,2.0,1.0,0.6563953397692898,2.5861780107021333,0.0,0.6563953397692898,2.710826662182808,0.0,0.0
141,2.0,1.0,0.9850167934414364,1.8775940909981728,0.0,0.9850167934414364,2.8475416719913484,0.0,0.0
142,2.0,1.0,0.3261672956962984,2.7639348566532136,0.0,0.0,1.1791268646717072,0.0,0.3261672956962984
143,2.0,1.0,0.7050815003085816,2.0511542350053786,0.0,0.0,1.4569360077381135,0.0,0.7050815003085816
144,2.0,1.0,0.9335016825345429,1.760874915122986,0.0,0.0,1.742127323150635,0.0,0.9335016825345429
145,2.0,1.0,0.0,0.8981362998485567,0.0,-0.21410361371142975,3.2249863922595976,0.0,0.0
146,2.0,1.0,0.0,3.2466125905513765,0.0,0.0,0.8412105619907382,0.0,-0.3427929616418208
147,2.0,1.0,0.0,3.254393661022186,0.0,0.0,0.9072113096714023,0.0,-0.1941871217100918
148,2.0,1.0,0.72348315870104,3.3945264637470247,0.0,0.0,1.4741513133049013,0.0,0.72348315870104
149,2.0,1.0,0.6472110911138687,3.232102400064468,0.0,0.0,2.5939603596925735,0.0,0.6472110911138687
150,2.0,1.0,0.36067407969138054,2.7995785892009737,0.0,0.36067407969138054,3.269446873664856,0.0,0.0
151,2.0,1.0,0.8793627336996361,3.215776401758194,0.0,0.0,1.652671241760254,0.0,0.8793627336996361
152,2.0,1.0,0.9803927290909891,3.3957145571708676,0.0,0.0,2.140025965124369,0.0,0.9803927290909891
153,2.0,1.0,0.0,2.7813145875930787,0.0,0.0,0.8803819239139559,0.0,-0.2535446362986149
154,2.0,1.0,0.0,0.8803145885467532,0.0,-0.25369542062122674,1.9654341138899327,0.0,0.0
155,2.0,1.0,0.7865370176448592,2.462020543217659,0.0,0.7865370176448592,2.4797241657972338,0.0,0.0
156,2.0,1.0,0.0,3.2470011830329897,0.0,0.0,3.0645109474658967,0.0,0.0
157,2.0,1.0,0.916985698633732,2.9591625571250915,0.0,0.0,1.711877974867821,0.0,0.916985698633732
158,2.0,1.0,0.5546969509550027,3.3909535825252535,0.0,0.0,2.6673103094100954,0.0,0.5546969509550027
159,2.0,1.0,0.7114733752683465,2.9408730626106263,0.0,0.0,2.537146744132042,0.0,0.7114733752683465
160,2.0,1.0,0.6772688581448819,1.4319056928157807,0.0,0.6772688581448819,2.405377823114395,0.0,0.0
161,2.0,1.0,0.003388973833063122,1.567159742116928,0.0,0.0,1.0016959249973298,0.0,0.003388973833063122
162,2.0,1.0,0.6458265090717739,2.5190057516098023,0.0,0.0,1.4048752307891847,0.0,0.6458265090717739
163,2.0,1.0,0.0,3.1869080483913423,0.0,0.0,0.9962157249450685,0.0,-0.007582870847554391
164,2.0,1.0,0.0,2.2076977282762527,0.0,0.0,0.9757827341556551,0.0,-0.0490210076536655
165,2.0,1.0,0.7627083658819002,1.512874108552933,0.0,0.7627083658819002,3.2576620221138,0.0,0.0
166,2.0,1.0,0.8887556985136961,2.3335330590605734,0.0,0.8887556985136961,3.0757299959659576,0.0,0.0
167,2.0,1.0,0.5360481872291685,1.3188599169254305,0.0,0.5360481872291685,1.8333504155278206,0.0,0.0
168,2.0,1.0,0.716773196952677,1.4678094297647477,0.0,0.716773196952677,2.8305817604064942,0.0,0.0
169,2.0,1.0,0.7917455382124927,3.144430124759674,0.0,0.0,1.543650943040848,0.0,0.7917455382124927
170,2.0,1.0,0.02630628573087999,1.757579666376114,0.0,0.0,1.0132408022880557,0.0,0.02630628573087999
171,2.0,1.0,0.8110411642909435,1.565306043624878,0.0,0.8110411642909435,2.7231601148843767,0.0,0.0
172,2.0,1.0,0.7092435182568317,1.460781601071358,0.0,0.7092435182568317,3.227705919742584,0.0,0.0
173,2.0,1.0,0.3603967528378662,1.200248008966446,0.0,0.3603967528378662,3.1724910736083984,0.0,0.0
174,2.0,1.0,0.9704411653947475,3.0418313264846804,0.0,0.0,1.8280731707811357,0.0,0.9704411653947475
175,2.0,1.0,0.6909023119127676,3.264236015081406,0.0,0.0,2.555965545773506,0.0,0.6909023119127676
176,2.0,1.0,0.9907095226427881,3.0854990482330322,0.0,0.0,2.096387122361921,0.0,0.9907095226427881
177,2.0,1.0,0.15556179431004477,1.0810668110847474,0.0,0.15556179431004477,2.268708549439907,0.0,0.0
178,2.0,1.0,0.9212990817585581,1.719463160634041,0.0,0.9212990817585581,2.8939906775951387,0.0,0.0
179,2.0,1.0,0.7443432171255155,1.7460925549268724,0.0,0.0,1.4943748593330386,0.0,0.7443432171255155
180,2.0,1.0,0.6004711467355662,2.632082948088646,0.0,0.6004711467355662,3.124451357126236,0.0,0.0
181,2.0,1.0,0.9810930860449941,2.1375024143606427,0.0,0.9810930860449941,3.084019297361374,0.0,0.0
182,2.0,1.0,0.3669249920156895,1.2043398916721346,0.0,0.3669249920156895,3.1939657866954803,0.0,0.0
183,2.0,1.0,0.054221474879952526,3.1752985477447506,0.0,0.0,1.0274885475635531,0.0,0.054221474879952526
184,2.0,1.0,0.9861932955361757,1.8824980661273003,0.0,0.9861932955361757,2.4033825576305388,0.0,0.0
185,2.0,1.0,0.6747936171381602,2.570268693566322,0.0,0.6747936171381602,2.9693596422672273,0.0,0.0
186,2.0,1.0,0.12115969757703536,1.0625351727008823,0.0,0.12115969757703536,2.4948992252349855,0.0,0.0
187,2.0,1.0,0.0,0.8789711356163028,0.0,-0.25670571478140175,2.2642053321003917,0.0,0.0
188,2.0,1.0,0.42744208896453867,1.2433244347572328,0.0,0.42744208896453867,3.349113756418228,0.0,0.0
189,2.0,1.0,0.39202209673531985,2.9678387463092806,0.0,0.0,2.7797293782234194,0.0,0.39202209673531985
190,2.0,1.0,0.9159397305164612,2.2899314910173416,0.0,0.9159397305164612,3.345937216281891,0.0,0.0
191,2.0,1.0,0.30466634065782333,1.503829047083855,0.0,0.0,1.1661333084106449,0.0,0.30466634065782333
192,2.0,1.0,0.0,0.8439630210399631,0.0,-0.3364214967230487,1.4063853561878206,0.0,0.0
193,2.0,1.0,0.0782831818757844,1.039939159154892,0.0,0.0782831818757844,1.8720249563455582,0.0,0.0
194,2.0,1.0,0.0,3.1394476175308226,0.0,0.0,0.8203682124614717,0.0,-0.3915311541713435
195,2.0,1.0,0.7680156738791308,3.0063352048397065,0.0,0.0,1.5183524876832963,0.0,0.7680156738791308
196,2.0,1.0,0.2867167094437174,2.1409057416021824,0.0,0.0,1.1554389953613282,0.0,0.2867167094437174
197,2.0,1.0,0.0,0.9294209003448488,0.0,-0.14613960861843414,3.277608942985535,0.0,0.0
198,2.0,1.0,0.6207695785442369,3.337667518854141,0.0,0.0,1.3841831266880038,0.0,0.6207695785442369
199,2.0,1.0,0.5439128213880001,3.0684953570365905,0.0,0.0,1.3246577322483066,0.0,0.5439128213880001
200,2.0,1.0,0.0,3.2709262371063232,0.0,0.0,3.3849834382534025,0.0,0.0
201,2.0,1.0,0.0,3.014657437801361,0.0,0.0,3.1164793610572814,0.0,0.0
202,2.0,1.0,0.9040017323884753,2.3098358720541,0.0,0.9040017323884753,2.465176743268967,0.0,0.0
203,2.0,1.0,0.0,0.9579315781593325,0.0,-0.08590659579749936,2.188646478205919,0.0,0.0
204,2.0,1.0,0.0,0.9280576109886172,0.0,-0.1490604853594308,2.22392221018672,0.0,0.0
205,2.0,1.0,0.6586960405494191,1.415787744522095,0.0,0.6586960405494191,2.218946870416403,0.0,0.0
206,2.0,1.0,0.19201886227821013,2.2934073209762573,0.0,0.0,1.1011222898960116,0.0,0.19201886227821013
207,2.0,1.0,0.945196137293854,2.23410224840045,0.0,0.945196137293854,3.308033680915832,0.0,0.0
208,2.0,1.0,0.2337547730483068,1.1246456563472749,0.0,0.2337547730483068,2.0155548244714736,0.0,0.0
209,2.0,1.0,0.9400037010804283,1.7550585806369783,0.0,0.9400037010804283,1.9628575868904592,0.0,0.0
210,2.0,1.0,0.48739275774031965,1.284034049510956,0.0,0.48739275774031965,1.5962185949087144,0.0,0.0
211,2.0,1.0,0.0,0.9957136929035189,0.0,-0.008590986621487636,3.1744549572467804,0.0,0.0
212,2.0,1.0,0.9289203293796691,2.2666077092289925,0.0,0.9289203293796691,3.011042481660843,0.0,0.0
213,2.0,1.0,0.6976326957822394,3.038089448213577,0.0,0.0,1.4501206457614901,0.0,0.6976326957822394
214,2.0,1.0,0.5722568500893024,2.941499149799347,0.0,0.0,2.654020756483078,0.0,0.5722568500893024
215,2.0,1.0,0.8236659868269172,1.5800785630941392,0.0,0.8236659868269172,3.150859761238098,0.0,0.0
216,2.0,1.0,0.0,3.216047990322113,0.0,0.0,3.3711280822753906,0.0,0.0
217,2.0,1.0,0.0,0.9061701297760012,0.0,-0.19646378499425007,3.2938113510608673,0.0,0.0
218,2.0,1.0,0.818863352818453,1.5743984878063202,0.0,0.818863352818453,2.8549365520477297,0.0,0.0
219,2.0,1.0,0.020499534780381353,1.8788463041186334,0.0,0.0,1.0103028416633608,0.0,0.020499534780381353
220,2.0,1.0,0.9309800082842647,1.7372834384441376,0.0,0.9309800082842647,2.486548012495041,0.0,0.0
221,2.0,1.0,0.0,2.8687617659568785,0.0,0.0,0.9633558332920076,0.0,-0.07463112836970798
222,2.0,1.0,0.9257998104775396,2.809974503517151,0.0,0.0,2.272397117316723,0.0,0.9257998104775396
223,2.0,1.0,0.5901213072856345,1.866921629011631,0.0,0.0,1.3597823083400729,0.0,0.5901213072856345
224,2.0,1.0,0.8583859077470987,1.6236835211515428,0.0,0.8583859077470987,1.9683500394225122,0.0,0.0
225,2.0,1.0,0.9418219626260587,3.365821063518524,0.0,0.0,2.241201238334179,0.0,0.9418219626260587
226,2.0,1.0,0.8705449214884453,1.640201336145401,0.0,0.8705449214884453,3.327896839380264,0.0,0.0
227,2.0,1.0,0.0,0.8865374147892,0.0,-0.23979892866431804,1.6422625422477724,0.0,0.0
228,2.0,1.0,0.7270613743861667,2.5224352836608888,0.0,0.7270613743861667,2.9675494909286497,0.0,0.0
229,2.0,1.0,0.908558065410432,3.210300540924072,0.0,0.0,1.6976063251495364,0.0,0.908558065410432
230,2.0,1.0,0.0,1.0347305476665498,0.0,0.0,0.9911338806152346,0.0,-0.01781084684247581
231,2.0,1.0,0.0,3.2027877271175385,0.0,0.0,0.8200391292572025,0.0,-0.39230765648410093
232,2.0,1.0,0.5738050780795219,3.301269847154617,0.0,0.0,1.3471639394760135,0.0,0.5738050780795219
233,2.0,1.0,0.9688445943591192,2.176508939266205,0.0,0.9688445943591192,2.984453999996185,0.0,0.0
234,2.0,1.0,0.0,2.7183055371046065,0.0,0.0,0.9633109688758852,0.0,-0.07472414725305589
235,2.0,1.0,0.29647657221851703,1.1612369656562809,0.0,0.29647657221851703,1.4521491140127183,0.0,0.0
236,2.0,1.0,0.0676676288646471,2.9655735969543455,0.0,0.0676676288646471,3.1309415876865385,0.0,0.0
237,2.0,1.0,0.9564671335767518,1.791354687511921,0.0,0.9564671335767518,2.001622224599123,0.0,0.0
238,2.0,1.0,0.33325565870168056,1.1834558546543124,0.0,0.33325565870168056,1.7230797439813617,0.0,0.0
239,2.0,1.0,0.7375138347084609,3.169572871923447,0.0,0.0,1.4876659631729128,0.0,0.7375138347084609
240,2.0,1.0,0.6775257921107484,2.834352695941925,0.0,0.0,1.43213187456131,0.0,0.6775257921107484
241,2.0,1.0,0.6319554511732453,3.02500097155571,0.0,0.0,2.606666752696037,0.0,0.6319554511732453
242,2.0,1.0,0.6456214891111747,2.5952969938516617,0.0,0.6456214891111747,3.39059265255928,0.0,0.0
243,2.0,1.0,0.6584154100064297,1.984137509763241,0.0,0.0,1.4155476152896882,0.0,0.6584154100064297
244,2.0,1.0,0.1888867155666439,1.0993817210197452,0.0,0.1888867155666439,1.4524501860141756,0.0,0.0
245,2.0,1.0,0.0,0.9114508032798769,0.0,-0.1849393536800252,1.6243676066398622,0.0,0.0
246,2.0,1.0,0.5178542162075419,1.5833798170089723,0.0,0.0,1.305632817745209,0.0,0.5178542162075419
247,2.0,1.0,0.019094879550237472,1.0095934569835665,0.0,0.019094879550237472,3.334100914001465,0.0,0.0
248,2.0,1.0,0.8531245010335344,2.595808944106102,0.0,0.0,2.3832433938980104,0.0,0.8531245010335344
249,2.0,1.0,0.9494778965435511,2.3551447674632073,0.0,0.0,2.224771224707365,0.0,0.9494778965435511
250,2.0,1.0,0.974653499867299,2.699554458260536,0.0,0.0,2.1592058420181277,0.0,0.974653499867299
251,2.0,1.0,0.9771626857124621,2.151120198145509,0.0,0.9771626857124621,3.209614634513855,0.0,0.0
252,2.0,1.0,0.8901116367071519,2.8232614994049072,0.0,0.0,1.6685058623552325,0.0,0.8901116367071519
253,2.0,1.0,0.8303552056698187,1.5881204128265383,0.0,0.8303552056698187,2.805255061388016,0.0,0.0
254,2.0,1.0,0.8515548540789721,1.614714202284813,0.0,0.8515548540789721,3.030183547735214,0.0,0.0
255,2.0,1.0,0.0,0.8509221971035006,0.0,-0.32037979710944636,1.1007490396499637,0.0,0.0
256,2.0,1.0,0.9569014490947296,3.0802498340606688,0.0,0.0,1.7923980951309204,0.0,0.9569014490947296
257,2.0,1.0,0.9341701038443863,2.256573373824358,0.0,0.9341701038443863,2.790701711177826,0.0,0.0
258,2.0,1.0,0.0,0.901487571001053,0.0,-0.2067295566651665,1.6676102399826052,0.0,0.0
259,2.0,1.0,0.0,3.349331027269363,0.0,0.0,0.8331639468669894,0.0,-0.36150637489102205
260,2.0,1.0,0.28511419053695114,3.0921932220458985,0.0,0.0,1.154490798711777,0.0,0.28511419053695114
261,2.0,1.0,0.7023994737031615,2.5455277502536773,0.0,0.7023994737031615,3.1381871521472933,0.0,0.0
262,2.0,1.0,0.5200831988957,2.695141938328743,0.0,0.0,1.3072397232055666,0.0,0.5200831988957
263,2.0,1.0,0.940113171441039,2.2447178550064564,0.0,0.940113171441039,2.43285456597805,0.0,0.0
264,2.0,1.0,0.4239334806662371,1.2410095393657685,0.0,0.4239334806662371,3.3798627734184263,0.0,0.0
265,2.0,1.0,0.8259056470133562,2.762766754627228,0.0,0.0,1.582753846049309,0.0,0.8259056470133562
266,2.0,1.0,0.9839228636385254,1.8732043519616128,0.0,0.9839228636385254,2.1851799078285694,0.0,0.0
267,2.0,1.0,0.2690458843451555,1.1450414538383487,0.0,0.2690458843451555,1.1573412001132968,0.0,0.0
268,2.0,1.0,0.005793714518995719,2.3352005586028097,0.0,0.0,1.0029010653495791,0.0,0.005793714518995719
269,2.0,1.0,0.7532093570807632,2.496780276298523,0.0,0.7532093570807632,3.061888200044632,0.0,0.0
270,2.0,1.0,0.006072144553618539,1.0030406951904298,0.0,0.006072144553618539,1.7686902731657028,0.0,0.0
271,2.0,1.0,0.6249246105189058,1.387566012144089,0.0,0.6249246105189058,2.9629692912101744,0.0,0.0
272,2.0,1.0,0.15737994695922736,1.0820566177368167,0.0,0.15737994695922736,1.8394960656762125,0.0,0.0
273,2.0,1.0,0.34233200556149807,1.189032679796219,0.0,0.34233200556149807,1.4362395644187929,0.0,0.0
274,2.0,1.0,0.9641312204897847,2.6772027969360352,0.0,0.0,2.1893905475735664,0.0,0.9641312204897847
275,2.0,1.0,0.0,0.8656450867652896,0.0,-0.28676106917972727,1.7555112153291703,0.0,0.0
276,2.0,1.0,0.978571746565337,1.853616075217724,0.0,0.978571746565337,2.4828401118516923,0.0,0.0
277,2.0,1.0,0.44447732708110793,3.278035968542099,0.0,0.0,1.2546660661697389,0.0,0.44447732708110793
278,2.0,1.0,0.7976080276501104,2.8209948778152465,0.0,0.0,2.44987995326519,0.0,0.7976080276501104
279,2.0,1.0,0.9996470887620833,1.9812140680849553,0.0,0.9996470887620833,2.9347024619579316,0.0,0.0
280,2.0,1.0,0.6480847826230287,1.4067755758762361,0.0,0.6480847826230287,1.816794864833355,0.0,0.0
281,2.0,1.0,0.0,1.7891169488430023,0.0,0.0,0.9475413978099825,0.0,-0.10766910932376555
282,2.0,1.0,0.9892818557912254,2.456197002530098,0.0,0.0,2.103528470522724,0.0,0.9892818557912254
283,2.0,1.0,0.0,0.8939625144004824,0.0,-0.2233189195513032,1.9399284511804582,0.0,0.0
284,2.0,1.0,0.5104540606974062,1.300324404239655,0.0,0.5104540606974062,1.5809222310781479,0.0,0.0
285,2.0,1.0,0.8965445587870511,3.1904899954795836,0.0,0.0,2.321644899249077,0.0,0.8965445587870511
286,2.0,1.0,0.0,3.232670450210571,0.0,0.0,3.3526065945625305,0.0,0.0
287,2.0,1.0,0.9984550242875828,2.039306179061532,0.0,0.9984550242875828,3.28763090968132,0.0,0.0
288,2.0,1.0,0.9464181026063688,3.124667543172836,0.0,0.0,1.7685223609209062,0.0,0.9464181026063688
289,2.0,1.0,0.21308784367208733,1.112919306755066,0.0,0.21308784367208733,2.9056298553943636,0.0,0.0
290,2.0,1.0,0.6698169011513359,1.4253843903541568,0.0,0.6698169011513359,2.9111415922641752,0.0,0.0
291,2.0,1.0,0.0,3.1902562975883484,0.0,0.0,3.259845423698425,0.0,0.0
292,2.0,1.0,0.9959530646292084,3.08888356089592,0.0,0.0,1.9363844722509385,0.0,0.9959530646292084
293,2.0,1.0,0.9847025449112589,2.1236828811466695,0.0,0.9847025449112589,2.279733882844448,0.0,0.0
294,2.0,1.0,0.9953780418396878,3.1639721035957336,0.0,0.0,1.9320150151848794,0.0,0.9953780418396878
295,2.0,1.0,0.33072889208478773,1.1819100856781009,0.0,0.33072889208478773,2.0170261777937415,0.0,0.0
296,2.0,1.0,0.29125567926613466,2.8418695390224458,0.0,0.29125567926613466,3.260503590106964,0.0,0.0
297,2.0,1.0,0.0,0.9197830319404605,0.0,-0.16686869808374413,1.2719733476638795,0.0,0.0
298,2.0,1.0,0.5937137463016772,1.463792669773102,0.0,0.0,1.3625941216945652,0.0,0.5937137463016772
299,2.0,1.0,0.0,0.8294800281524661,0.0,-0.37011700449395146,2.8557572841644285,0.0,0.0
300,2.0,1.0,0.7471544336320015,2.5028375148773194,0.0,0.7471544336320015,3.09162974357605,0.0,0.0
301,2.0,1.0,0.9759886758395493,2.15495587810874,0.0,0.9759886758395493,2.5694511771202087,0.0,0.0
302,2.0,1.0,0.0,0.8511212587356569,0.0,-0.3199223621291414,1.1206636488437653,0.0,0.0
303,2.0,1.0,0.9598776795556762,2.5091360837221144,0.0,0.0,1.7996944323182107,0.0,0.9598776795556762
304,2.0,1.0,0.0,1.1967031776905062,0.0,0.0,0.9281340122222903,0.0,-0.1488966957546853
305,2.0,1.0,0.9450518877006635,3.106937807798386,0.0,0.0,1.765589863061905,0.0,0.9450518877006635
306,2.0,1.0,0.9923284638445782,2.386486145853996,0.0,0.0,1.9124126940965653,0.0,0.9923284638445782
307,2.0,1.0,0.4652681200074087,1.268746364116669,0.0,0.4652681200074087,3.2026816487312315,0.0,0.0
308,2.0,1.0,0.5447523086625503,3.133287012577057,0.0,0.0,2.6747204542160032,0.0,0.5447523086625503
309,2.0,1.0,0.1129974044518983,1.947857239097357,0.0,0.0,1.0581918478012087,0.0,0.1129974044518983
310,2.0,1.0,0.9998845996130694,2.159857126697898,0.0,0.0,2.0107424572110175,0.0,0.9998845996130694
311,2.0,1.0,0.875565617480686,2.6410223960876467,0.0,0.0,2.3527525797486306,0.0,0.875565617480686
312,2.0,1.0,0.0,1.8224463671445847,0.0,0.0,0.8980351805686952,0.0,-0.2143264632642681
313,2.0,1.0,0.0,3.335550910234451,0.0,0.0,3.1897434175014494,0.0,0.0
314,2.0,1.0,0.9995823244955889,1.9795628890395165,0.0,0.9995823244955889,2.6982620686292647,0.0,0.0
315,2.0,1.0,0.022900687435814412,1.5502224564552307,0.0,0.0,1.0115166604518893,0.0,0.022900687435814412
316,2.0,1.0,0.22442205338596116,1.119330966472626,0.0,0.22442205338596116,2.9445669770240785,0.0,0.0
317,2.0,1.0,0.3160913215953935,1.173012286424637,0.0,0.3160913215953935,3.3473228991031645,0.0,0.0
318,2.0,1.0,0.0,3.333647388219833,0.0,0.0,0.9730030000209811,0.0,-0.05472283796590504
319,2.0,1.0,0.7675682786667153,1.5178882688283921,0.0,0.7675682786667153,2.9455792546272277,0.0,0.0
320,2.0,1.0,0.8348427501402966,1.593604564666748,0.0,0.8348427501402966,2.7861989200115205,0.0,0.0
321,2.0,1.0,0.0,2.4376518040895463,0.0,0.0,0.8996896624565127,0.0,-0.21068283890506292
322,2.0,1.0,0.6677152387797323,3.0490027368068695,0.0,0.0,2.576441463828087,0.0,0.6677152387797323
323,2.0,1.0,0.33659911312518925,1.1855057477951052,0.0,0.33659911312518925,1.825026012957096,0.0,0.0
324,2.0,1.0,0.19387813412989727,2.89784289598465,0.0,0.19387813412989727,3.257580894231796,0.0,0.0
325,2.0,1.0,0.3172269881727882,3.2395341634750365,0.0,0.0,1.173699200153351,0.0,0.3172269881727882
326,2.0,1.0,0.0,0.9756037414073946,0.0,-0.0493876946185281,2.9231942355632783,0.0,0.0
327,2.0,1.0,0.6287385914204946,2.9892013370990753,0.0,0.0,2.609312242269516,0.0,0.6287385914204946
328,2.0,1.0,0.0,0.9077161312103275,0.0,-0.19308405001813456,2.0968678884208205,0.0,0.0
329,2.0,1.0,0.9977588428480227,2.8000376164913177,0.0,0.0,2.047340861335397,0.0,0.9977588428480227
330,2.0,1.0,0.26088167938017864,1.140280091762543,0.0,0.26088167938017864,2.764543354511261,0.0,0.0
331,2.0,1.0,0.0,0.8813814938068392,0.0,-0.2513073623978186,1.8726996660232544,0.0,0.0
332,2.0,1.0,0.04672109380595111,3.2458891808986663,0.0,0.0,1.0236399710178377,0.0,0.04672109380595111
333,2.0,1.0,0.5495404612335136,3.2880475521087646,0.0,0.0,1.32883717417717,0.0,0.5495404612335136
334,2.0,1.0,0.9858097662754284,1.8808772325515748,0.0,0.9858097662754284,3.258037829399109,0.0,0.0
335,2.0,1.0,0.0,2.141250578686595,0.0,0.0,0.8051177203655246,0.0,-0.42774366218448057
336,2.0,1.0,0.8556255491636984,1.8677367627620698,0.0,0.0,1.6200336188077928,0.0,0.8556255491636984
337,2.0,1.0,0.9998918996670523,2.9092373728752134,0.0,0.0,2.010397130995989,0.0,0.9998918996670523
338,2.0,1.0,0.10039463680902845,1.320891755819321,0.0,0.0,1.0515247166156771,0.0,0.10039463680902845
339,2.0,1.0,0.0,3.029942101240158,0.0,0.0,3.335369825363159,0.0,0.0
340,2.0,1.0,0.702428737372729,1.4544990718364716,0.0,0.702428737372729,1.6150115936994554,0.0,0.0
341,2.0,1.0,0.3052224183662385,2.036097351461649,0.0,0.0,1.1664668083190919,0.0,0.3052224183662385
342,2.0,1.0,0.9969036130586576,2.4247070834040643,0.0,0.0,1.9443548120558263,0.0,0.9969036130586576
343,2.0,1.0,0.6209271244049683,2.004602812230587,0.0,0.0,1.384311056137085,0.0,0.6209271244049683
344,2.0,1.0,0.7465831611606923,1.4965947568416598,0.0,0.7465831611606923,2.3572912856936457,0.0,0.0
345,2.0,1.0,0.0,2.362364761531353,0.0,0.0,0.820648789405823,0.0,-0.3908692779299509
346,2.0,1.0,0.0,3.0671538412570953,0.0,0.0,3.383033192157745,0.0,0.0
347,2.0,1.0,0.6385698519630054,2.6041638761758805,0.0,0.0,1.3988093912601474,0.0,0.6385698519630054
348,2.0,1.0,0.0,3.309392863512039,0.0,0.0,0.850278288125992,0.0,-0.3218600147544994
349,2.0,1.0,0.6157987265215504,1.3801602840423586,0.0,0.6157987265215504,1.9727523796260358,0.0,0.0
350,2.0,1.0,0.9565776978501491,2.2083801865577697,0.0,0.9565776978501491,3.0527702629566194,0.0,0.0
351,2.0,1.0,0.42150779495266333,1.3997123360633852,0.0,0.0,1.2394132494926455,0.0,0.42150779495266333
352,2.0,1.0,0.37601142705381563,2.8777604520320894,0.0,0.0,1.2100705265998841,0.0,0.37601142705381563
353,2.0,1.0,0.0,0.9371980190277103,0.0,-0.12954805075862327,2.081526427716017,0.0,0.0
354,2.0,1.0,0.32786565483183766,1.1801620006561282,0.0,0.32786565483183766,3.2750798761844635,0.0,0.0
355,2.0,1.0,0.0,3.0627924621105196,0.0,0.0,0.9322812199592594,0.0,-0.14002339325168744
356,2.0,1.0,0.0,2.2993744239211082,0.0,0.0,0.8846907675266269,0.0,-0.24391468404034458
357,2.0,1.0,0.0,3.0426655411720276,0.0,0.0,0.9320362091064456,0.0,-0.14054665865973162
358,2.0,1.0,0.8982830239340884,2.3189309895038606,0.0,0.8982830239340884,2.632979655265808,0.0,0.0
359,2.0,1.0,0.15565307600206355,1.0811164796352388,0.0,0.15565307600206355,2.2376327641308307,0.0,0.0
360,2.0,1.0,0.0,2.2847360327839854,0.0,0.0,0.8681695818901065,0.0,-0.2810400953588163
361,2.0,1.0,0.8875654190186149,2.3353126615285875,0.0,0.8875654190186149,2.7711911141872405,0.0,0.0
362,2.0,1.0,0.0,2.9563317596912384,0.0,0.0,0.8625573456287388,0.0,-0.29377579198314047
363,2.0,1.0,0.0,3.208593988418579,0.0,0.0,3.387608355283737,0.0,0.0
364,2.0,1.0,0.0,3.089381641149521,0.0,0.0,3.2729949593544005,0.0,0.0
365,2.0,1.0,0.0,3.0245069205760955,0.0,0.0,3.3383038341999054,0.0,0.0
366,2.0,1.0,0.7900050354699341,1.5417479246854784,0.0,0.7900050354699341,1.7494261980056764,0.0,0.0
367,2.0,1.0,0.7829778866506146,1.534143677353859,0.0,0.7829778866506146,2.3599017322063447,0.0,0.0
368,2.0,1.0,0.6895673588870852,3.045911508798599,0.0,0.0,1.4428351759910585,0.0,0.6895673588870852
369,2.0,1.0,0.06455245596835282,3.012131470441818,0.0,0.0,1.0328146278858188,0.0,0.06455245596835282
370,2.0,1.0,0.6638641636369613,2.9329333007335663,0.0,0.0,1.4202277719974519,0.0,0.6638641636369613
371,2.0,1.0,0.8814996158759164,1.6557611525058749,0.0,0.8814996158759164,2.319010354578495,0.0,0.0
372,2.0,1.0,0.5453326724957005,1.3257097601890566,0.0,0.5453326724957005,1.3412134766578676,0.0,0.0
373,2.0,1.0,0.9272339717022917,1.730248209834099,0.0,0.9272339717022917,3.122855377197266,0.0,0.0
374,2.0,1.0,0.7344546411083709,2.7696276009082794,0.0,0.0,1.4846890658140184,0.0,0.7344546411083709
375,2.0,1.0,0.9805655264901766,3.1072660386562347,0.0,0.0,2.1394075805321338,0.0,0.9805655264901766
376,2.0,1.0,0.7703933887216401,1.5208271592855456,0.0,0.7703933887216401,2.7245860904455186,0.0,0.0
377,2.0,1.0,0.0,1.4719031333923343,0.0,0.0,0.8731530189514163,0.0,-0.2697841186983072
378,2.0,1.0,0.49205301705545296,2.7127039939165116,0.0,0.49205301705545296,3.3439149081707003,0.0,0.0
379,2.0,1.0,0.9301637415670987,3.3849360167980196,0.0,0.0,1.7357344925403595,0.0,0.9301637415670987
380,2.0,1.0,0.9553504010572265,2.9807930171489714,0.0,0.0,1.7886954829096795,0.0,0.9553504010572265
381,2.0,1.0,0.8682471731232123,1.637022277712822,0.0,0.8682471731232123,2.864936900138855,0.0,0.0
382,2.0,1.0,0.5665744027140831,1.3416493356227877,0.0,0.5665744027140831,3.29049990773201,0.0,0.0
383,2.0,1.0,0.0,2.4907434940338136,0.0,0.0,0.9693172216415407,0.0,-0.062306989604713016
384,2.0,1.0,0.07958338070957847,1.4811062663793566,0.0,0.0,1.0406165421009066,0.0,0.07958338070957847
385,2.0,1.0,0.0,1.401290261745453,0.0,0.0,0.9638643741607669,0.0,-0.07357703513325932
386,2.0,1.0,0.0,3.1668775200843813,0.0,0.0,0.9081736087799075,0.0,-0.1920848685646905
387,2.0,1.0,0.9792296278119453,1.8558807015419008,0.0,0.9792296278119453,2.6095705419778823,0.0,0.0
388,2.0,1.0,0.823719800652775,1.5801426440477373,0.0,0.823719800652775,1.7062509000301362,0.0,0.0
389,2.0,1.0,0.0,0.9385940849781038,0.0,-0.1265825164434687,1.212866145372391,0.0,0.0
390,2.0,1.0,0.32549951958472145,3.298551249504089,0.0,0.0,1.1787202179431917,0.0,0.32549951958472145
391,2.0,1.0,0.0,0.8517202258110048,0.0,-0.31854643981152975,2.9563591122627257,0.0,0.0
392,2.0,1.0,0.0,3.2232372999191283,0.0,0.0,3.3635804772377016,0.0,0.0
393,2.0,1.0,0.0,0.8090146481990816,0.0,-0.4184461082043573,2.7293928980827333,0.0,0.0
394,2.0,1.0,0.898179723351741,3.1048267006874086,0.0,0.0,2.3190928965806963,0.0,0.898179723351741
395,2.0,1.0,0.9275109934414754,1.7307621747255326,0.0,0.9275109934414754,3.171694439649582,0.0,0.0
396,2.0,1.0,0.9998149971967827,1.9863984264433385,0.0,0.9998149971967827,2.1194646901451053,0.0,0.0
397,2.0,1.0,0.814272749260417,2.430960845947266,0.0,0.814272749260417,2.9294454216957093,0.0,0.0
398,2.0,1.0,0.0,1.3316713809967045,0.0,0.0,0.8574614763259891,0.0,-0.3053942780791883
399,2.0,1.0,0.9122927421683392,2.7821371793746947,0.0,0.0,1.7038458883762362,0.0,0.9122927421683392
400,2.0,1.0,0.941414784860333,1.7579561710357667,0.0,0.941414784860333,2.8092263758182527,0.0,0.0
401,2.0,1.0,0.9993304913391029,2.0258748654276135,0.0,0.9993304913391029,2.263007029891014,0.0,0.0
402,2.0,1.0,0.1002832170737522,2.9460195302963257,0.0,0.0,1.0514659821987153,0.0,0.1002832170737522
403,2.0,1.0,0.0,1.0326259493827823,0.0,0.0,0.9716886818408967,0.0,-0.057424167054112484
404,2.0,1.0,0.0,3.1399683237075804,0.0,0.0,0.926560735702515,0.0,-0.15227185413552594
405,2.0,1.0,0.0,1.5976131111383438,0.0,0.0,0.9891152918338777,0.0,-0.021887893204106255
406,2.0,1.0,0.0,0.8647436916828157,0.0,-0.2888068855739617,3.125913363695145,0.0,0.0
407,2.0,1.0,0.9985889431806001,2.0375640362501146,0.0,0.9985889431806001,3.229994392395019,0.0,0.0
408,2.0,1.0,0.14562749024555777,1.9824178233742715,0.0,0.0,1.0756772696971895,0.0,0.14562749024555777
409,2.0,1.0,0.17504570198286323,2.290542022883892,0.0,0.0,1.0917300522327424,0.0,0.17504570198286323
410,2.0,1.0,0.6254179810355992,2.7545937597751617,0.0,0.0,1.3879689395427706,0.0,0.6254179810355992
411,2.0,1.0,0.363208934435968,2.5078608959913256,0.0,0.0,1.202008104324341,0.0,0.363208934435968
412,2.0,1.0,0.6128389811808376,1.380436831712723,0.0,0.0,1.3777773559093478,0.0,0.6128389811808376
413,2.0,1.0,0.9770399960801543,1.8484744116663934,0.0,0.9770399960801543,2.1533534571528437,0.0,0.0
414,2.0,1.0,0.9396996822311848,3.325640833377838,0.0,0.0,1.7544387698173525,0.0,0.9396996822311848
415,2.0,1.0,0.7925430297480641,2.7977485239505766,0.0,0.0,2.455474445223808,0.0,0.7925430297480641
416,2.0,1.0,0.9959106878577275,1.9360522702336311,0.0,0.9959106878577275,3.1663613855838775,0.0,0.0
417,2.0,1.0,0.7716610816138161,2.8486954391002657,0.0,0.0,1.5221517831087115,0.0,0.7716610816138161
418,2.0,1.0,0.957864114312871,2.205270274728537,0.0,0.957864114312871,2.6944263160228727,0.0,0.0
419,2.0,1.0,0.06883116480061739,1.0350291013717654,0.0,0.06883116480061739,1.3238810896873476,0.0,0.0
420,2.0,1.0,0.0,2.536674311757088,0.0,0.0,0.8598160445690157,0.0,-0.30001945222224474
421,2.0,1.0,0.48100819339227807,1.279589140415192,0.0,0.48100819339227807,3.242397040128708,0.0,0.0
422,2.0,1.0,0.5100292851125443,2.8675446927547457,0.0,0.0,2.699979081749916,0.0,0.5100292851125443
423,2.0,1.0,0.4217245370403683,1.23955574631691,0.0,0.4217245370403683,2.7167282700538635,0.0,0.0
424,2.0,1.0,0.3744803799920518,2.7908979833126066,0.0,0.3744803799920518,3.0436183869838715,0.0,0.0
425,2.0,1.0,0.162783937704552,1.0850048840045932,0.0,0.162783937704552,3.251675760746002,0.0,0.0
426,2.0,1.0,0.70857704976683,1.4601639598608018,0.0,0.70857704976683,2.0584705151617526,0.0,0.0
427,2.0,1.0,0.0,3.174122154712677,0.0,0.0,0.9719810366630557,0.0,-0.056822988980365655
428,2.0,1.0,0.14554784460716572,2.795660662651062,0.0,0.0,1.075634187459946,0.0,0.14554784460716572
429,2.0,1.0,0.18899736987303947,2.9005568444728853,0.0,0.18899736987303947,3.2600504517555233,0.0,0.0
430,2.0,1.0,0.9514627687160464,1.7796883314847949,0.0,0.9514627687160464,2.0650176277384165,0.0,0.0
431,2.0,1.0,0.0,0.9872877836227418,0.0,-0.025586033199738564,1.9049625083804131,0.0,0.0
432,2.0,1.0,0.30172034206155385,2.8356312930583956,0.0,0.30172034206155385,3.3065843045711514,0.0,0.0
433,2.0,1.0,0.8001660452349498,2.9563422977924345,0.0,0.0,1.552972087264061,0.0,0.8001660452349498
434,2.0,1.0,0.9364064138089488,2.6524974584579466,0.0,0.0,2.2521776877343656,0.0,0.9364064138089488
435,2.0,1.0,0.3865174610279382,1.2167487382888797,0.0,0.3865174610279382,1.3781908988952638,0.0,0.0
436,2.0,1.0,0.9995291605382853,2.625915989279747,0.0,0.0,1.978301164507866,0.0,0.9995291605382853
437,2.0,1.0,0.0,3.3022676348686217,0.0,0.0,3.3596482157707213,0.0,0.0
438,2.0,1.0,0.9899110452462404,2.100443789025303,0.0,0.9899110452462404,2.785335648059845,0.0,0.0
439,2.0,1.0,0.0,3.2336862146854397,0.0,0.0,3.1241175472736358,0.0,0.0
440,2.0,1.0,0.0,1.2390909075737002,0.0,0.0,0.9567615389823916,0.0,-0.08834648654638809
441,2.0,1.0,0.0,0.9480944156646731,0.0,-0.1065053583558455,2.4924071192741395,0.0,0.0
442,2.0,1.0,0.9901987996061906,2.1910217545926574,0.0,0.0,2.099001012084773,0.0,0.9901987996061906
443,2.0,1.0,0.9676885189808783,2.480654385685921,0.0,0.0,1.8202460542321206,0.0,0.9676885189808783
444,2.0,1.0,0.9961892585884685,1.9382687970995904,0.0,0.9961892585884685,3.0110988914966583,0.0,0.0
445,2.0,1.0,0.6756336732300071,1.926195000112057,0.0,0.0,1.4304683268070222,0.0,0.6756336732300071
446,2.0,1.0,0.4421483704308823,1.2531053423881533,0.0,0.4421483704308823,3.0148691296577455,0.0,0.0
447,2.0,1.0,0.6268960497194133,1.3891776442527772,0.0,0.6268960497194133,2.241951768100262,0.0,0.0
448,2.0,1.0,0.9958830453782076,2.9142323553562166,0.0,0.0,2.0641634991392492,0.0,0.9958830453782076
449,2.0,1.0,0.8775354079644245,2.909193980693817,0.0,0.0,1.650050586462021,0.0,0.8775354079644245
450,2.0,1.0,0.21216898276639679,3.37590571641922,0.0,0.0,1.1124015450477602,0.0,0.21216898276639679
451,2.0,1.0,0.005367959481559338,1.3806682825088503,0.0,0.0,1.002687591314316,0.0,0.005367959481559338
452,2.0,1.0,0.8689823631201125,2.7938720524311065,0.0,0.0,1.6380364149808886,0.0,0.8689823631201125
453,2.0,1.0,0.550806258765972,3.2637948870658873,0.0,0.0,2.670219174027443,0.0,0.550806258765972
454,2.0,1.0,0.44099168227663654,2.951911413669586,0.0,0.0,1.2523314118385316,0.0,0.44099168227663654
455,2.0,1.0,0.15211811672613623,1.0791949808597567,0.0,0.15211811672613623,3.3237121284008024,0.0,0.0
456,2.0,1.0,0.8739836702286033,2.468002426624298,0.0,0.0,1.6450122117996218,0.0,0.8739836702286033
457,2.0,1.0,0.2625409582574278,1.1412456452846529,0.0,0.2625409582574278,1.364697712659836,0.0,0.0
458,2.0,1.0,0.6870791841317958,2.5593932569026947,0.0,0.6870791841317958,3.0808591842651367,0.0,0.0
459,2.0,1.0,0.18532821348344442,3.238522583246231,0.0,0.0,2.9025917053222656,0.0,0.18532821348344442
460,2.0,1.0,0.0,0.8336208820343021,0.0,-0.36044024682643944,3.263211649656296,0.0,0.0
461,2.0,1.0,0.0,0.9616743087768558,0.0,-0.07812024105402023,1.7947711050510406,0.0,0.0
462,2.0,1.0,0.5152839299243989,1.303784465789795,0.0,0.5152839299243989,3.0152929782867433,0.0,0.0
463,2.0,1.0,0.9999836993684533,2.4814433485269545,0.0,0.0,1.9959625959396363,0.0,0.9999836993684533
464,2.0,1.0,0.0,1.6295342206954957,0.0,0.0,0.9637886703014376,0.0,-0.07373391979566288
465,2.0,1.0,0.9093793074646732,1.6989672899246218,0.0,0.9093793074646732,1.745713183283806,0.0,0.0
466,2.0,1.0,0.06804437662494141,3.3437656700611114,0.0,0.0,2.965378487110138,0.0,0.06804437662494141
467,2.0,1.0,0.3428372568659363,1.1893442511558536,0.0,0.3428372568659363,2.2064970143139364,0.0,0.0
468,2.0,1.0,0.0,0.8594602286815647,0.0,-0.30083096995910874,2.5439796566963198,0.0,0.0
469,2.0,1.0,0.7977585333404027,3.355765855312347,0.0,0.0,1.55028735101223,0.0,0.7977585333404027
470,2.0,1.0,0.38717177861222785,1.2171665430068972,0.0,0.38717177861222785,3.3465204536914825,0.0,0.0
471,2.0,1.0,0.0,1.858137908577919,0.0,0.0,0.8955663204193118,0.0,-0.21977375259213816
472,2.0,1.0,0.8594715384801815,2.3748712599277497,0.0,0.8594715384801815,2.57437878549099,0.0,0.0
473,2.0,1.0,0.5643023596890506,2.6600739657878876,0.0,0.5643023596890506,2.7764055371284484,0.0,0.0
474,2.0,1.0,0.7398579093237851,1.7778983652591707,0.0,0.0,1.4899587363004687,0.0,0.7398579093237851
475,2.0,1.0,0.4153937356103314,1.2354045093059542,0.0,0.4153937356103314,2.751829445362091,0.0,0.0
476,2.0,1.0,0.9061640646991556,1.7975923135876657,0.0,0.0,1.6936734825372697,0.0,0.9061640646991556
477,2.0,1.0,0.7760235334350101,3.011142206192017,0.0,0.0,2.473261520266533,0.0,0.7760235334350101
478,2.0,1.0,0.0,0.849738520383835,0.0,-0.3231014714887691,2.932351690530777,0.0,0.0
479,2.0,1.0,0.0,0.8698227465152744,0.0,-0.27730062429427776,3.117535650730133,0.0,0.0
480,2.0,1.0,0.6455373480942781,3.241941577196121,0.0,0.0,2.5953676611185075,0.0,0.6455373480942781
481,2.0,1.0,0.5936160810949366,2.637482485175133,0.0,0.5936160810949366,3.1464941203594208,0.0,0.0
482,2.0,1.0,0.7811742570243574,2.4677881389856338,0.0,0.7811742570243574,2.9979357182979585,0.0,0.0
483,2.0,1.0,0.9999080976963075,2.4743514388799666,0.0,0.0,2.0095865689218044,0.0,0.9999080976963075
484,2.0,1.0,0.0,1.3871509969234468,0.0,0.0,0.9191471040248873,0.0,-0.1682429827377878
485,2.0,1.0,0.7715691724322313,1.5220556229352953,0.0,0.7715691724322313,3.3150109112262722,0.0,0.0
486,2.0,1.0,0.7537673633860722,1.5037816643714907,0.0,0.7537673633860722,3.2628119766712187,0.0,0.0
487,2.0,1.0,0.6804484310791304,1.4347110748291017,0.0,0.6804484310791304,3.2670279145240784,0.0,0.0
488,2.0,1.0,0.44455633034004716,1.2547190666198733,0.0,0.44455633034004716,2.809892988204956,0.0,0.0
489,2.0,1.0,0.027338963673291656,2.9862357914447784,0.0,0.027338963673291656,3.073119181394577,0.0,0.0
490,2.0,1.0,0.05563161429935539,1.116629803180695,0.0,0.0,1.02821381688118,0.0,0.05563161429935539
491,2.0,1.0,0.7757499677227848,1.5820425242185594,0.0,0.0,1.5264495462179186,0.0,0.7757499677227848
492,2.0,1.0,0.0,0.8429471790790561,0.0,-0.3387712304011138,1.7703052371740342,0.0,0.0
493,2.0,1.0,0.9310916205331077,2.3409772008657455,0.0,0.0,1.737495943903923,0.0,0.9310916205331077
494,2.0,1.0,0.1621401897375499,2.683784383535385,0.0,0.0,1.084653174877167,0.0,0.1621401897375499
495,2.0,1.0,0.9639483974143573,1.8101274043321611,0.0,0.9639483974143573,2.976000428199768,0.0,0.0
496,2.0,1.0,0.5120321808206406,1.3014530658721926,0.0,0.5120321808206406,1.5109127819538117,0.0,0.0
497,2.0,1.0,0.9290407746418964,2.554185226559639,0.0,0.0,1.7336182713508608,0.0,0.9290407746418964
498,2.0,1.0,0.6549735835266115,1.4126105070114137,0.0,0.6549735835266115,1.5949314355850222,0.0,0.0
499,2.0,1.0,0.6833920660443462,2.562679246068001,0.0,0.6833920660443462,2.905896019935608,0.0,0.0
