	prices_history	quantities_history	rewards_history	costs_history	monopoly_history	nash_history	metric_history
0	[3.725942850112915, 4.212843418121338]	[0, 0]	[0.0, 0.0]	1	2.0	1	0.0
1	[7.16054630279541, 4.379367351531982]	[0, 0]	[0.0, 0.0]	1	2.0	1	0.0
2	[6.096168518066406, 9.00452709197998]	[0, 0]	[0.0, 0.0]	1	2.0	1	0.0
3	[3.4158804416656494, 4.34450101852417]	[0, 0]	[0.0, 0.0]	1	2.0	1	0.0
4	[6.236262798309326, 2.819499969482422]	[0, 0.18050003051757812]	[0.0, 0.3284198000183096]	1	2.0	1	0.1642099000091548
5	[5.515671253204346, 8.823057174682617]	[0, 0]	[0.0, 0.0]	1	2.0	1	0.0
6	[2.2875726222991943, 2.454200506210327]	[0.7124273777008057, 0]	[0.9173019869039649, 0.0]	1	2.0	1	0.45865099345198246
7	[2.573042392730713, 7.763381004333496]	[0.4269576072692871, 0]	[0.6716224161334594, 0.0]	1	2.0	1	0.3358112080667297
8	[10.037615776062012, 5.814010143280029]	[0, 0]	[0.0, 0.0]	1	2.0	1	0.0
9	[4.507390975952148, 10.260224342346191]	[0, 0]	[0.0, 0.0]	1	2.0	1	0.0
10	[10.256367683410645, 10.66974925994873]	[0, 0]	[0.0, 0.0]	1	2.0	1	0.0
11	[6.536115646362305, 2.2790844440460205]	[0, 0.7209155559539795]	[0.0, 0.9221118730915236]	1	2.0	1	0.4610559365457618
12	[4.646666526794434, 2.875009298324585]	[0, 0.12499070167541504]	[0.0, 0.23435872784551748]	1	2.0	1	0.11717936392275874
13	[7.460988998413086, 8.751617431640625]	[0, 0]	[0.0, 0.0]	1	2.0	1	0.0
14	[4.766479015350342, 4.089395999908447]	[0, 0]	[0.0, 0.0]	1	2.0	1	0.0
15	[3.7667267322540283, 2.5331273078918457]	[0, 0.4668726921081543]	[0.0, 0.7157752735799932]	1	2.0	1	0.3578876367899966
16	[2.4010837078094482, 2.293684959411621]	[0, 0.7063150405883789]	[0.0, 0.9137491446153945]	1	2.0	1	0.45687457230769724
17	[10.718535423278809, 2.9485831260681152]	[0, 0.051416873931884766]	[0.0, 0.1001900529388422]	1	2.0	1	0.0500950264694211
18	[2.3604331016540527, 2.4409658908843994]	[0.6395668983459473, 0]	[0.8700879792320393, 0.0]	1	2.0	1	0.43504398961601964
19	[2.9682486057281494, 10.010887145996094]	[0.031751394271850586, 0]	[0.062494637505494666, 0.0]	1	2.0	1	0.031247318752747333
20	[2.3535757064819336, 8.065767288208008]	[0.6464242935180664, 0]	[0.8749842197858015, 0.0]	1	2.0	1	0.43749210989290077
21	[10.582643508911133, 10.737065315246582]	[0, 0]	[0.0, 0.0]	1	2.0	1	0.0
22	[7.953286647796631, 4.929381370544434]	[0, 0]	[0.0, 0.0]	1	2.0	1	0.0
23	[7.829822063446045, 8.926984786987305]	[0, 0]	[0.0, 0.0]	1	2.0	1	0.0
24	[10.218954086303711, 3.56438946723938]	[0, 0]	[0.0, 0.0]	1	2.0	1	0.0
25	[6.991957187652588, 2.543802499771118]	[0, 0.45619750022888184]	[0.0, 0.704278841242683]	1	2.0	1	0.3521394206213415
26	[3.6966044902801514, 2.7644307613372803]	[0, 0.23556923866271973]	[0.0, 0.41564561112130605]	1	2.0	1	0.20782280556065302
27	[8.426820755004883, 9.731979370117188]	[0, 0]	[0.0, 0.0]	1	2.0	1	0.0
28	[7.878807544708252, 9.952062606811523]	[0, 0]	[0.0, 0.0]	1	2.0	1	0.0
29	[10.218521118164062, 2.9415202140808105]	[0, 0.05847978591918945]	[0.0, 0.11353968647722468]	1	2.0	1	0.05676984323861234
30	[10.708422660827637, 10.856386184692383]	[0, 0]	[0.0, 0.0]	1	2.0	1	0.0
31	[4.505117893218994, 3.4539167881011963]	[0, 0]	[0.0, 0.0]	1	2.0	1	0.0
32	[2.293414831161499, 3.2001073360443115]	[0.706585168838501, 0]	[0.913907736854469, 0.0]	1	2.0	1	0.4569538684272345
33	[5.0355634689331055, 10.438549995422363]	[0, 0]	[0.0, 0.0]	1	2.0	1	0.0
34	[7.843438625335693, 3.776815176010132]	[0, 0]	[0.0, 0.0]	1	2.0	1	0.0
35	[3.1147022247314453, 6.519510746002197]	[0, 0]	[0.0, 0.0]	1	2.0	1	0.0
36	[6.471693992614746, 4.610141754150391]	[0, 0]	[0.0, 0.0]	1	2.0	1	0.0
37	[2.490105628967285, 7.362420558929443]	[0.5098943710327148, 0]	[0.7597964724545818, 0.0]	1	2.0	1	0.3798982362272909
38	[3.1711206436157227, 3.888960361480713]	[0, 0]	[0.0, 0.0]	1	2.0	1	0.0
39	[10.558895111083984, 2.689317226409912]	[0, 0.3106827735900879]	[0.0, 0.524841761374546]	1	2.0	1	0.262420880687273
40	[2.355034351348877, 3.8390421867370605]	[0.644965648651123, 0]	[0.8739506093622822, 0.0]	1	2.0	1	0.4369753046811411
41	[9.918442726135254, 8.922653198242188]	[0, 0]	[0.0, 0.0]	1	2.0	1	0.0
42	[8.774561882019043, 2.2495501041412354]	[0, 0.7504498958587646]	[0.0, 0.9377247455230986]	1	2.0	1	0.4688623727615493
43	[6.915267467498779, 3.4152486324310303]	[0, 0]	[0.0, 0.0]	1	2.0	1	0.0
44	[2.5852773189544678, 4.429438591003418]	[0.4147226810455322, 0]	[0.6574504599174702, 0.0]	1	2.0	1	0.3287252299587351
45	[2.7063393592834473, 9.435920715332031]	[0.29366064071655273, 0]	[0.5010847095270492, 0.0]	1	2.0	1	0.2505423547635246
46	[2.4521679878234863, 5.863306045532227]	[0.5478320121765137, 0]	[0.7955441107876595, 0.0]	1	2.0	1	0.39777205539382976
47	[3.4353549480438232, 9.614067077636719]	[0, 0]	[0.0, 0.0]	1	2.0	1	0.0
48	[8.751838684082031, 2.682318687438965]	[0, 0.31768131256103516]	[0.0, 0.5344412087715682]	1	2.0	1	0.2672206043857841
49	[3.282756805419922, 8.144627571105957]	[0, 0]	[0.0, 0.0]	1	2.0	1	0.0
50	[5.422021865844727, 2.4578309059143066]	[0, 0.5421690940856934]	[0.0, 0.7903908615896853]	1	2.0	1	0.39519543079484265
51	[3.6333630084991455, 4.708865165710449]	[0, 0]	[0.0, 0.0]	1	2.0	1	0.0
52	[6.568844318389893, 2.5684938430786133]	[0, 0.4315061569213867]	[0.0, 0.676814750381709]	1	2.0	1	0.3384073751908545
53	[4.537324905395508, 2.335874557495117]	[0, 0.6641254425048828]	[0.0, 0.8871882816274592]	1	2.0	1	0.4435941408137296
54	[2.8089518547058105, 7.50554895401001]	[0.19104814529418945, 0]	[0.3455968967680292, 0.0]	1	2.0	1	0.1727984483840146
55	[2.6332528591156006, 9.2322998046875]	[0.3667471408843994, 0]	[0.5989908164219173, 0.0]	1	2.0	1	0.29949540821095866
56	[2.6529154777526855, 2.2664191722869873]	[0, 0.7335808277130127]	[0.0, 0.9290208246379166]	1	2.0	1	0.4645104123189583
57	[2.9221444129943848, 8.629491806030273]	[0.07785558700561523, 0]	[0.14964968158324155, 0.0]	1	2.0	1	0.07482484079162077
58	[2.8300516605377197, 3.013413429260254]	[0.16994833946228027, 0]	[0.3110142408385741, 0.0]	1	2.0	1	0.15550712041928705
59	[3.2267844676971436, 10.160035133361816]	[0, 0]	[0.0, 0.0]	1	2.0	1	0.0
60	[3.5205516815185547, 7.01661491394043]	[0, 0]	[0.0, 0.0]	1	2.0	1	0.0
61	[8.467572212219238, 8.436338424682617]	[0, 0]	[0.0, 0.0]	1	2.0	1	0.0
62	[4.362380027770996, 2.8259923458099365]	[0, 0.17400765419006348]	[0.0, 0.31773664466339824]	1	2.0	1	0.15886832233169912
63	[4.87021541595459, 6.275467872619629]	[0, 0]	[0.0, 0.0]	1	2.0	1	0.0
64	[3.475215435028076, 7.678852558135986]	[0, 0]	[0.0, 0.0]	1	2.0	1	0.0
65	[5.445981502532959, 4.206618785858154]	[0, 0]	[0.0, 0.0]	1	2.0	1	0.0
66	[4.419723987579346, 9.373432159423828]	[0, 0]	[0.0, 0.0]	1	2.0	1	0.0
67	[7.983092308044434, 5.947301864624023]	[0, 0]	[0.0, 0.0]	1	2.0	1	0.0
68	[2.6943142414093018, 5.545107364654541]	[0.30568575859069824, 0]	[0.5179277341762258, 0.0]	1	2.0	1	0.2589638670881129
69	[4.567298412322998, 4.184551239013672]	[0, 0]	[0.0, 0.0]	1	2.0	1	0.0
70	[10.822407722473145, 2.5595717430114746]	[0, 0.4404282569885254]	[0.0, 0.6868794644231002]	1	2.0	1	0.3434397322115501
71	[9.069496154785156, 9.84231948852539]	[0, 0]	[0.0, 0.0]	1	2.0	1	0.0
72	[4.7030134201049805, 2.737130880355835]	[0, 0.26286911964416504]	[0.0, 0.4566380652258317]	1	2.0	1	0.22831903261291586
73	[5.159959316253662, 7.86422872543335]	[0, 0]	[0.0, 0.0]	1	2.0	1	0.0
74	[7.758625507354736, 2.3551008701324463]	[0, 0.6448991298675537]	[0.0, 0.8739033720311795]	1	2.0	1	0.43695168601558976
75	[3.99719500541687, 3.4797685146331787]	[0, 0]	[0.0, 0.0]	1	2.0	1	0.0
76	[8.572209358215332, 6.9712982177734375]	[0, 0]	[0.0, 0.0]	1	2.0	1	0.0
77	[6.128157138824463, 8.73283576965332]	[0, 0]	[0.0, 0.0]	1	2.0	1	0.0
78	[9.405353546142578, 4.354795932769775]	[0, 0]	[0.0, 0.0]	1	2.0	1	0.0
79	[9.090445518493652, 4.686841011047363]	[0, 0]	[0.0, 0.0]	1	2.0	1	0.0
80	[2.262033462524414, 7.733264446258545]	[0.7379665374755859, 0]	[0.9313384645174665, 0.0]	1	2.0	1	0.46566923225873325
81	[8.641829490661621, 2.7944467067718506]	[0, 0.20555329322814941]	[0.0, 0.36885443009936125]	1	2.0	1	0.18442721504968063
82	[3.761014223098755, 9.499537467956543]	[0, 0]	[0.0, 0.0]	1	2.0	1	0.0
83	[4.550283908843994, 6.760715961456299]	[0, 0]	[0.0, 0.0]	1	2.0	1	0.0
84	[9.130451202392578, 4.28239631652832]	[0, 0]	[0.0, 0.0]	1	2.0	1	0.0
85	[6.953975200653076, 4.040782928466797]	[0, 0]	[0.0, 0.0]	1	2.0	1	0.0
86	[9.802197456359863, 5.051782131195068]	[0, 0]	[0.0, 0.0]	1	2.0	1	0.0
87	[7.143699645996094, 10.893329620361328]	[0, 0]	[0.0, 0.0]	1	2.0	1	0.0
88	[2.647251844406128, 2.8677971363067627]	[0.35274815559387207, 0]	[0.5810650499128656, 0.0]	1	2.0	1	0.2905325249564328
89	[9.337397575378418, 3.0051376819610596]	[0, 0]	[0.0, 0.0]	1	2.0	1	0.0
90	[2.480822801589966, 8.02953815460205]	[0.5191771984100342, 0]	[0.7688094334711764, 0.0]	1	2.0	1	0.3844047167355882
91	[3.7523820400238037, 9.7221097946167]	[0, 0]	[0.0, 0.0]	1	2.0	1	0.0
92	[2.349287986755371, 5.939858436584473]	[0.6507120132446289, 0]	[0.8779979023083797, 0.0]	1	2.0	1	0.43899895115418985
93	[7.1355977058410645, 4.201228141784668]	[0, 0]	[0.0, 0.0]	1	2.0	1	0.0
94	[3.3473093509674072, 2.8506808280944824]	[0, 0.14931917190551758]	[0.0, 0.27634212871248565]	1	2.0	1	0.13817106435624282
95	[5.331575870513916, 9.010113716125488]	[0, 0]	[0.0, 0.0]	1	2.0	1	0.0
96	[2.6880574226379395, 4.231948375701904]	[0.31194257736206055, 0]	[0.526576983152836, 0.0]	1	2.0	1	0.263288491576418
97	[8.920382499694824, 2.262568712234497]	[0, 0.7374312877655029]	[0.0, 0.9310576713555179]	1	2.0	1	0.46552883567775893
98	[5.400262832641602, 5.619348526000977]	[0, 0]	[0.0, 0.0]	1	2.0	1	0.0
99	[10.686225891113281, 8.051863670349121]	[0, 0]	[0.0, 0.0]	1	2.0	1	0.0
100	[8.67996883392334, 7.601205825805664]	[0, 0]	[0.0, 0.0]	1	2.0	1	0.0
101	[2.4593281745910645, 8.985825538635254]	[0.5406718254089355, 0]	[0.7890176280268406, 0.0]	1	2.0	1	0.3945088140134203
102	[10.275010108947754, 2.530726432800293]	[0, 0.46927356719970703]	[0.0, 0.7183294535270761]	1	2.0	1	0.35916472676353806
103	[2.5918326377868652, 4.364293575286865]	[0.40816736221313477, 0]	[0.6497341288502412, 0.0]	1	2.0	1	0.3248670644251206
104	[2.3784189224243164, 8.104462623596191]	[0.6215810775756836, 0]	[0.8567991191512192, 0.0]	1	2.0	1	0.4283995595756096
105	[2.300999164581299, 2.6163089275360107]	[0.6990008354187012, 0]	[0.9093995029213602, 0.0]	1	2.0	1	0.4546997514606801
106	[2.8988571166992188, 4.939970016479492]	[0.10114288330078125, 0]	[0.19205588375916705, 0.0]	1	2.0	1	0.09602794187958352
107	[6.740046977996826, 5.538659572601318]	[0, 0]	[0.0, 0.0]	1	2.0	1	0.0
108	[6.958264350891113, 7.323047637939453]	[0, 0]	[0.0, 0.0]	1	2.0	1	0.0
109	[8.55788803100586, 3.5100834369659424]	[0, 0]	[0.0, 0.0]	1	2.0	1	0.0
110	[10.79364013671875, 7.976992130279541]	[0, 0]	[0.0, 0.0]	1	2.0	1	0.0
111	[2.886767864227295, 8.62020492553711]	[0.11323213577270508, 0]	[0.21364275497376184, 0.0]	1	2.0	1	0.10682137748688092
112	[7.24851131439209, 5.02328634262085]	[0, 0]	[0.0, 0.0]	1	2.0	1	0.0
113	[6.505863189697266, 2.3780367374420166]	[0, 0.6219632625579834]	[0.0, 0.8570882251441958]	1	2.0	1	0.4285441125720979
114	[3.8479862213134766, 10.313302993774414]	[0, 0]	[0.0, 0.0]	1	2.0	1	0.0
115	[3.4388105869293213, 4.344909191131592]	[0, 0]	[0.0, 0.0]	1	2.0	1	0.0
116	[3.1212403774261475, 3.714775562286377]	[0, 0]	[0.0, 0.0]	1	2.0	1	0.0
117	[10.123552322387695, 7.2268476486206055]	[0, 0]	[0.0, 0.0]	1	2.0	1	0.0
118	[8.446483612060547, 2.9275336265563965]	[0, 0.07246637344360352]	[0.0, 0.13968137160713923]	1	2.0	1	0.06984068580356961
119	[3.2841835021972656, 2.78065824508667]	[0, 0.21934175491333008]	[0.0, 0.3905727043782008]	1	2.0	1	0.1952863521891004
120	[4.07322359085083, 7.499456405639648]	[0, 0]	[0.0, 0.0]	1	2.0	1	0.0
121	[2.8331332206726074, 2.84360933303833]	[0.16686677932739258, 0]	[0.3058890366116884, 0.0]	1	2.0	1	0.1529445183058442
122	[2.3802473545074463, 2.601069211959839]	[0.6197526454925537, 0]	[0.8554119493900885, 0.0]	1	2.0	1	0.42770597469504423
123	[2.4441728591918945, 2.710794448852539]	[0.5558271408081055, 0]	[0.8027104711572974, 0.0]	1	2.0	1	0.4013552355786487
124	[10.595727920532227, 9.881368637084961]	[0, 0]	[0.0, 0.0]	1	2.0	1	0.0
125	[2.362476348876953, 4.942604064941406]	[0.6375236511230469, 0]	[0.8686108965048334, 0.0]	1	2.0	1	0.4343054482524167
126	[10.43142032623291, 2.304546594619751]	[0, 0.695453405380249]	[0.0, 0.9072513717055131]	1	2.0	1	0.45362568585275653
127	[2.921947717666626, 2.9523022174835205]	[0.07805228233337402, 0]	[0.15001240588929932, 0.0]	1	2.0	1	0.07500620294464966
128	[4.8972625732421875, 3.595909357070923]	[0, 0]	[0.0, 0.0]	1	2.0	1	0.0
129	[8.777148246765137, 7.769306659698486]	[0, 0]	[0.0, 0.0]	1	2.0	1	0.0
130	[10.469785690307617, 2.3124263286590576]	[0, 0.6875736713409424]	[0.0, 0.9023897891606225]	1	2.0	1	0.45119489458031126
131	[10.529975891113281, 4.608425617218018]	[0, 0]	[0.0, 0.0]	1	2.0	1	0.0
132	[8.055992126464844, 10.01423454284668]	[0, 0]	[0.0, 0.0]	1	2.0	1	0.0
133	[2.4458043575286865, 3.195662498474121]	[0.5541956424713135, 0]	[0.801258474808435, 0.0]	1	2.0	1	0.4006292374042175
134	[4.604765892028809, 2.868891477584839]	[0, 0.13110852241516113]	[0.0, 0.24502760018043546]	1	2.0	1	0.12251380009021773
135	[9.973188400268555, 4.795301914215088]	[0, 0]	[0.0, 0.0]	1	2.0	1	0.0
136	[8.439702033996582, 5.211957931518555]	[0, 0]	[0.0, 0.0]	1	2.0	1	0.0
137	[7.1218438148498535, 2.9222302436828613]	[0, 0.07776975631713867]	[0.0, 0.1494913776366502]	1	2.0	1	0.0747456888183251
138	[5.45849609375, 2.9621922969818115]	[0, 0.03780770301818848]	[0.0, 0.07418598362886542]	1	2.0	1	0.03709299181443271
139	[2.8039278984069824, 4.906744956970215]	[0.19607210159301758, 0]	[0.35369993416293255, 0.0]	1	2.0	1	0.17684996708146627
140	[5.131861686706543, 2.577728033065796]	[0, 0.4222719669342041]	[0.0, 0.6662303198099266]	1	2.0	1	0.3331151599049633
141	[5.442024230957031, 7.092836380004883]	[0, 0]	[0.0, 0.0]	1	2.0	1	0.0
142	[9.776620864868164, 7.771792888641357]	[0, 0]	[0.0, 0.0]	1	2.0	1	0.0
143	[3.2534728050231934, 3.681238889694214]	[0, 0]	[0.0, 0.0]	1	2.0	1	0.0
144	[8.308618545532227, 5.575859069824219]	[0, 0]	[0.0, 0.0]	1	2.0	1	0.0
145	[8.798393249511719, 7.3340559005737305]	[0, 0]	[0.0, 0.0]	1	2.0	1	0.0
146	[3.9664645195007324, 7.549926280975342]	[0, 0]	[0.0, 0.0]	1	2.0	1	0.0
147	[6.292383193969727, 8.855986595153809]	[0, 0]	[0.0, 0.0]	1	2.0	1	0.0
148	[3.9955031871795654, 2.394538640975952]	[0, 0.6054613590240479]	[0.0, 0.8443392607768487]	1	2.0	1	0.42216963038842437
149	[2.986341714859009, 5.190125942230225]	[0.013658285140991211, 0]	[0.0271300215289898, 0.0]	1	2.0	1	0.0135650107644949
150	[6.8016767501831055, 5.754998683929443]	[0, 0]	[0.0, 0.0]	1	2.0	1	0.0
151	[2.565307378768921, 2.5291144847869873]	[0, 0.4708855152130127]	[0.0, 0.720037861988601]	1	2.0	1	0.3600189309943005
152	[2.2745041847229004, 4.679315090179443]	[0.7254958152770996, 0]	[0.9246474525696158, 0.0]	1	2.0	1	0.4623237262848079
153	[3.2632033824920654, 2.5730133056640625]	[0, 0.4269866943359375]	[0.0, 0.6716557515319437]	1	2.0	1	0.33582787576597184
154	[3.10448956489563, 2.3990049362182617]	[0, 0.6009950637817383]	[0.0, 0.8407950608734609]	1	2.0	1	0.42039753043673045
155	[4.2639899253845215, 3.311938524246216]	[0, 0]	[0.0, 0.0]	1	2.0	1	0.0
156	[7.89748477935791, 4.58546257019043]	[0, 0]	[0.0, 0.0]	1	2.0	1	0.0
157	[3.1609039306640625, 6.997591495513916]	[0, 0]	[0.0, 0.0]	1	2.0	1	0.0
158	[3.3170320987701416, 6.371893405914307]	[0, 0]	[0.0, 0.0]	1	2.0	1	0.0
159	[10.55715274810791, 7.521146297454834]	[0, 0]	[0.0, 0.0]	1	2.0	1	0.0
160	[5.149020195007324, 8.300783157348633]	[0, 0]	[0.0, 0.0]	1	2.0	1	0.0
161	[10.117775917053223, 3.9473767280578613]	[0, 0]	[0.0, 0.0]	1	2.0	1	0.0
162	[2.3508076667785645, 2.9599359035491943]	[0.6491923332214355, 0]	[0.8769339809293797, 0.0]	1	2.0	1	0.43846699046468984
163	[9.656820297241211, 5.267543792724609]	[0, 0]	[0.0, 0.0]	1	2.0	1	0.0
164	[5.770899295806885, 9.013799667358398]	[0, 0]	[0.0, 0.0]	1	2.0	1	0.0
165	[2.8066256046295166, 8.22507381439209]	[0.1933743953704834, 0]	[0.34935513395606677, 0.0]	1	2.0	1	0.17467756697803338
166	[5.2535319328308105, 3.7101545333862305]	[0, 0]	[0.0, 0.0]	1	2.0	1	0.0
167	[8.900486946105957, 10.12210750579834]	[0, 0]	[0.0, 0.0]	1	2.0	1	0.0
168	[4.993741989135742, 2.310875177383423]	[0, 0.6891248226165771]	[0.0, 0.9033566240868254]	1	2.0	1	0.4516783120434127
169	[10.278690338134766, 2.871781349182129]	[0, 0.1282186508178711]	[0.0, 0.23999727921818703]	1	2.0	1	0.11999863960909352
170	[4.3314595222473145, 4.763528347015381]	[0, 0]	[0.0, 0.0]	1	2.0	1	0.0
171	[2.257033586502075, 3.810452938079834]	[0.7429664134979248, 0]	[0.9339337354098802, 0.0]	1	2.0	1	0.4669668677049401
172	[3.3180453777313232, 3.7760400772094727]	[0, 0]	[0.0, 0.0]	1	2.0	1	0.0
173	[3.8667545318603516, 2.6782310009002686]	[0, 0.32176899909973145]	[0.0, 0.5400027094178199]	1	2.0	1	0.27000135470890996
174	[4.069176197052002, 4.503293037414551]	[0, 0]	[0.0, 0.0]	1	2.0	1	0.0
175	[5.332408905029297, 3.775787591934204]	[0, 0]	[0.0, 0.0]	1	2.0	1	0.0
176	[10.88182544708252, 7.125004768371582]	[0, 0]	[0.0, 0.0]	1	2.0	1	0.0
177	[10.226140975952148, 8.765612602233887]	[0, 0]	[0.0, 0.0]	1	2.0	1	0.0
178	[7.396945953369141, 9.218616485595703]	[0, 0]	[0.0, 0.0]	1	2.0	1	0.0
179	[2.471656322479248, 8.926581382751465]	[0.528343677520752, 0]	[0.7775403134653516, 0.0]	1	2.0	1	0.3887701567326758
180	[3.6355412006378174, 5.666213035583496]	[0, 0]	[0.0, 0.0]	1	2.0	1	0.0
181	[9.810064315795898, 4.981966018676758]	[0, 0]	[0.0, 0.0]	1	2.0	1	0.0
182	[8.447603225708008, 2.8170535564422607]	[0, 0.18294644355773926]	[0.0, 0.33242348590505344]	1	2.0	1	0.16621174295252672
183	[4.444037437438965, 6.533891201019287]	[0, 0]	[0.0, 0.0]	1	2.0	1	0.0
184	[2.9375784397125244, 3.3917617797851562]	[0.062421560287475586, 0]	[0.12094666938622822, 0.0]	1	2.0	1	0.06047333469311411
185	[7.998514652252197, 3.594129800796509]	[0, 0]	[0.0, 0.0]	1	2.0	1	0.0
186	[10.460739135742188, 4.212878704071045]	[0, 0]	[0.0, 0.0]	1	2.0	1	0.0
187	[4.734382152557373, 5.480874538421631]	[0, 0]	[0.0, 0.0]	1	2.0	1	0.0
188	[5.783220291137695, 2.519623041152954]	[0, 0.4803769588470459]	[0.0, 0.7299918951029554]	1	2.0	1	0.3649959475514777
189	[5.308560848236084, 3.962540626525879]	[0, 0]	[0.0, 0.0]	1	2.0	1	0.0
190	[2.4299256801605225, 7.797144889831543]	[0.5700743198394775, 0]	[0.8151639095385121, 0.0]	1	2.0	1	0.40758195476925607
191	[5.506303787231445, 7.542926788330078]	[0, 0]	[0.0, 0.0]	1	2.0	1	0.0
192	[6.39520788192749, 7.464527606964111]	[0, 0]	[0.0, 0.0]	1	2.0	1	0.0
193	[2.4994184970855713, 9.82054615020752]	[0.5005815029144287, 0]	[0.7505811647687892, 0.0]	1	2.0	1	0.3752905823843946
194	[5.066121578216553, 4.34293270111084]	[0, 0]	[0.0, 0.0]	1	2.0	1	0.0
195	[8.845416069030762, 9.115740776062012]	[0, 0]	[0.0, 0.0]	1	2.0	1	0.0
196	[3.0588901042938232, 8.001794815063477]	[0, 0]	[0.0, 0.0]	1	2.0	1	0.0
197	[6.511937618255615, 10.027473449707031]	[0, 0]	[0.0, 0.0]	1	2.0	1	0.0
198	[6.456506252288818, 2.430279493331909]	[0, 0.5697205066680908]	[0.0, 0.8148595576180355]	1	2.0	1	0.40742977880901776
199	[5.729658126831055, 2.926205635070801]	[0, 0.07379436492919922]	[0.0, 0.1421431215630946]	1	2.0	1	0.0710715607815473
200	[8.489025115966797, 2.5800998210906982]	[0, 0.41990017890930176]	[0.0, 0.6634841975705399]	1	2.0	1	0.33174209878526995
201	[3.9615330696105957, 8.592427253723145]	[0, 0]	[0.0, 0.0]	1	2.0	1	0.0
202	[8.80295467376709, 9.173336029052734]	[0, 0]	[0.0, 0.0]	1	2.0	1	0.0
203	[6.728555202484131, 10.583184242248535]	[0, 0]	[0.0, 0.0]	1	2.0	1	0.0
204	[2.593705654144287, 3.3421192169189453]	[0.4062943458557129, 0]	[0.6475135962371041, 0.0]	1	2.0	1	0.32375679811855207
205	[6.40949010848999, 9.33355712890625]	[0, 0]	[0.0, 0.0]	1	2.0	1	0.0
206	[4.817814350128174, 4.619795799255371]	[0, 0]	[0.0, 0.0]	1	2.0	1	0.0
207	[5.263184547424316, 3.2672712802886963]	[0, 0]	[0.0, 0.0]	1	2.0	1	0.0
208	[3.4741129875183105, 8.895367622375488]	[0, 0]	[0.0, 0.0]	1	2.0	1	0.0
209	[3.0259995460510254, 10.193148612976074]	[0, 0]	[0.0, 0.0]	1	2.0	1	0.0
210	[9.0829496383667, 9.173412322998047]	[0, 0]	[0.0, 0.0]	1	2.0	1	0.0
211	[9.907955169677734, 4.996744155883789]	[0, 0]	[0.0, 0.0]	1	2.0	1	0.0
212	[2.300034284591675, 3.347787618637085]	[0.6999657154083252, 0]	[0.9099794280695619, 0.0]	1	2.0	1	0.45498971403478095
213	[5.5051140785217285, 5.046690464019775]	[0, 0]	[0.0, 0.0]	1	2.0	1	0.0
214	[6.696968078613281, 9.062478065490723]	[0, 0]	[0.0, 0.0]	1	2.0	1	0.0
215	[3.1982498168945312, 5.065824031829834]	[0, 0]	[0.0, 0.0]	1	2.0	1	0.0
216	[5.605618476867676, 5.690741062164307]	[0, 0]	[0.0, 0.0]	1	2.0	1	0.0
217	[6.8966875076293945, 10.50147819519043]	[0, 0]	[0.0, 0.0]	1	2.0	1	0.0
218	[2.379366397857666, 2.8346238136291504]	[0.620633602142334, 0]	[0.8560811361764991, 0.0]	1	2.0	1	0.42804056808824953
219	[2.6174373626708984, 7.913998126983643]	[0.38256263732910156, 0]	[0.6187711031780054, 0.0]	1	2.0	1	0.3093855515890027
220	[3.648296356201172, 4.049855709075928]	[0, 0]	[0.0, 0.0]	1	2.0	1	0.0
221	[7.222602367401123, 7.7576141357421875]	[0, 0]	[0.0, 0.0]	1	2.0	1	0.0
222	[2.9782965183258057, 7.786736488342285]	[0.021703481674194336, 0]	[0.04293592223160658, 0.0]	1	2.0	1	0.02146796111580329
223	[2.540428638458252, 2.9207308292388916]	[0.45957136154174805, 0]	[0.70793688673416, 0.0]	1	2.0	1	0.35396844336708
224	[5.18316650390625, 10.85687255859375]	[0, 0]	[0.0, 0.0]	1	2.0	1	0.0
225	[6.110098361968994, 10.007000923156738]	[0, 0]	[0.0, 0.0]	1	2.0	1	0.0
226	[2.360867500305176, 7.051738262176514]	[0.6391324996948242, 0]	[0.869774647223494, 0.0]	1	2.0	1	0.434887323611747
227	[6.589504718780518, 3.9894301891326904]	[0, 0]	[0.0, 0.0]	1	2.0	1	0.0
228	[3.82924485206604, 5.471897125244141]	[0, 0]	[0.0, 0.0]	1	2.0	1	0.0
229	[3.900733232498169, 3.7442030906677246]	[0, 0]	[0.0, 0.0]	1	2.0	1	0.0
230	[2.256282091140747, 6.854006767272949]	[0.7437179088592529, 0]	[0.9343194897605258, 0.0]	1	2.0	1	0.4671597448802629
231	[6.5607123374938965, 5.662435531616211]	[0, 0]	[0.0, 0.0]	1	2.0	1	0.0
232	[8.647851943969727, 9.870497703552246]	[0, 0]	[0.0, 0.0]	1	2.0	1	0.0
233	[4.337869167327881, 3.6473426818847656]	[0, 0]	[0.0, 0.0]	1	2.0	1	0.0
234	[2.4597225189208984, 2.772494077682495]	[0.5402774810791016, 0]	[0.7886552055970242, 0.0]	1	2.0	1	0.3943276027985121
235	[3.0440711975097656, 4.868801116943359]	[0, 0]	[0.0, 0.0]	1	2.0	1	0.0
236	[2.44195556640625, 4.61039400100708]	[0.55804443359375, 0]	[0.8046752773225307, 0.0]	1	2.0	1	0.4023376386612654
237	[8.245072364807129, 2.2436723709106445]	[0, 0.7563276290893555]	[0.0, 0.9406237756547853]	1	2.0	1	0.47031188782739264
238	[6.141589641571045, 4.78861665725708]	[0, 0]	[0.0, 0.0]	1	2.0	1	0.0
239	[3.6052353382110596, 7.647228240966797]	[0, 0]	[0.0, 0.0]	1	2.0	1	0.0
240	[9.882523536682129, 4.4225382804870605]	[0, 0]	[0.0, 0.0]	1	2.0	1	0.0
241	[7.775369644165039, 8.936474800109863]	[0, 0]	[0.0, 0.0]	1	2.0	1	0.0
242	[2.720658779144287, 4.180430889129639]	[0.2793412208557129, 0]	[0.4806509240422656, 0.0]	1	2.0	1	0.2403254620211328
243	[6.4664483070373535, 6.555391311645508]	[0, 0]	[0.0, 0.0]	1	2.0	1	0.0
244	[8.287792205810547, 9.67121410369873]	[0, 0]	[0.0, 0.0]	1	2.0	1	0.0
245	[2.7455060482025146, 3.608750104904175]	[0.25449395179748535, 0]	[0.4442207320934699, 0.0]	1	2.0	1	0.22211036604673495
246	[9.73591136932373, 2.35659122467041]	[0, 0.6434087753295898]	[0.0, 0.8728426984880571]	1	2.0	1	0.43642134924402853
247	[9.53225040435791, 10.794560432434082]	[0, 0]	[0.0, 0.0]	1	2.0	1	0.0
248	[2.540367364883423, 9.685976028442383]	[0.45963263511657715, 0]	[0.7080031109689457, 0.0]	1	2.0	1	0.3540015554844729
249	[2.3296351432800293, 8.893617630004883]	[0.6703648567199707, 0]	[0.8913406723147546, 0.0]	1	2.0	1	0.4456703361573773
250	[4.2479329109191895, 8.825103759765625]	[0, 0]	[0.0, 0.0]	1	2.0	1	0.0
251	[7.303781032562256, 3.0678842067718506]	[0, 0]	[0.0, 0.0]	1	2.0	1	0.0
252	[10.392102241516113, 9.250578880310059]	[0, 0]	[0.0, 0.0]	1	2.0	1	0.0
253	[5.2218475341796875, 4.782154560089111]	[0, 0]	[0.0, 0.0]	1	2.0	1	0.0
254	[8.780816078186035, 4.450451850891113]	[0, 0]	[0.0, 0.0]	1	2.0	1	0.0
255	[5.261004447937012, 2.3994061946868896]	[0, 0.6005938053131104]	[0.0, 0.8404746916457384]	1	2.0	1	0.4202373458228692
256	[2.294715404510498, 3.1523094177246094]	[0.705284595489502, 0]	[0.9131428303442135, 0.0]	1	2.0	1	0.45657141517210675
257	[2.5527119636535645, 3.5903046131134033]	[0.44728803634643555, 0]	[0.6945094852342208, 0.0]	1	2.0	1	0.3472547426171104
258	[2.651059865951538, 3.745974063873291]	[0.3489401340484619, 0]	[0.5761210509471653, 0.0]	1	2.0	1	0.28806052547358263
259	[3.2258918285369873, 2.7546942234039307]	[0, 0.24530577659606934]	[0.0, 0.430436629160738]	1	2.0	1	0.215218314580369
260	[2.2315850257873535, 7.99657678604126]	[0.7684149742126465, 0]	[0.9463683758310708, 0.0]	1	2.0	1	0.4731841879155354
261	[5.7792582511901855, 8.88216495513916]	[0, 0]	[0.0, 0.0]	1	2.0	1	0.0
262	[9.588278770446777, 2.911837100982666]	[0, 0.08816289901733398]	[0.0, 0.16855310127152734]	1	2.0	1	0.08427655063576367
263	[3.2120461463928223, 7.755568981170654]	[0, 0]	[0.0, 0.0]	1	2.0	1	0.0
264	[4.005529403686523, 3.903371810913086]	[0, 0]	[0.0, 0.0]	1	2.0	1	0.0
265	[9.603194236755371, 2.674030303955078]	[0, 0.3259696960449219]	[0.0, 0.545683149350225]	1	2.0	1	0.2728415746751125
266	[8.599830627441406, 3.6009023189544678]	[0, 0]	[0.0, 0.0]	1	2.0	1	0.0
267	[7.264150619506836, 8.75420093536377]	[0, 0]	[0.0, 0.0]	1	2.0	1	0.0
268	[5.733405590057373, 7.0208868980407715]	[0, 0]	[0.0, 0.0]	1	2.0	1	0.0
269	[10.349966049194336, 7.212301254272461]	[0, 0]	[0.0, 0.0]	1	2.0	1	0.0
270	[2.2498483657836914, 2.951714515686035]	[0.7501516342163086, 0]	[0.9375757941152187, 0.0]	1	2.0	1	0.46878789705760937
271	[2.554497241973877, 3.420578718185425]	[0.44550275802612305, 0]	[0.6925328086433638, 0.0]	1	2.0	1	0.3462664043216819
272	[3.2014453411102295, 4.5461249351501465]	[0, 0]	[0.0, 0.0]	1	2.0	1	0.0
273	[9.093754768371582, 2.511251449584961]	[0, 0.48874855041503906]	[0.0, 0.7386219552972761]	1	2.0	1	0.3693109776486381
274	[5.55977725982666, 2.64812970161438]	[0, 0.3518702983856201]	[0.0, 0.5799278898852549]	1	2.0	1	0.28996394494262745
275	[3.4747211933135986, 5.779966831207275]	[0, 0]	[0.0, 0.0]	1	2.0	1	0.0
276	[5.765890598297119, 3.3461570739746094]	[0, 0]	[0.0, 0.0]	1	2.0	1	0.0
277	[3.6216068267822266, 4.567173957824707]	[0, 0]	[0.0, 0.0]	1	2.0	1	0.0
278	[2.9567997455596924, 2.31524920463562]	[0, 0.6847507953643799]	[0.0, 0.9006179389766089]	1	2.0	1	0.45030896948830446
279	[8.277935981750488, 2.594733953475952]	[0, 0.40526604652404785]	[0.0, 0.646291524582864]	1	2.0	1	0.323145762291432
280	[6.939402103424072, 2.928335666656494]	[0, 0.07166433334350586]	[0.0, 0.1381928900134426]	1	2.0	1	0.0690964450067213
281	[5.2158684730529785, 7.053099632263184]	[0, 0]	[0.0, 0.0]	1	2.0	1	0.0
282	[9.9498872756958, 9.23497200012207]	[0, 0]	[0.0, 0.0]	1	2.0	1	0.0
283	[5.780311107635498, 10.020331382751465]	[0, 0]	[0.0, 0.0]	1	2.0	1	0.0
284	[10.37219524383545, 9.006083488464355]	[0, 0]	[0.0, 0.0]	1	2.0	1	0.0
285	[10.679574012756348, 3.347403049468994]	[0, 0]	[0.0, 0.0]	1	2.0	1	0.0
286	[4.276158332824707, 2.7039554119110107]	[0, 0.29604458808898926]	[0.0, 0.5044467780411992]	1	2.0	1	0.2522233890205996
287	[2.570014476776123, 9.3712797164917]	[0.42998552322387695, 0]	[0.6750834962656427, 0.0]	1	2.0	1	0.33754174813282134
288	[4.076518535614014, 3.399275302886963]	[0, 0]	[0.0, 0.0]	1	2.0	1	0.0
289	[9.488678932189941, 2.37980580329895]	[0, 0.6201941967010498]	[0.0, 0.8557475517804392]	1	2.0	1	0.4278737758902196
290	[2.4304890632629395, 5.932783126831055]	[0.5695109367370605, 0]	[0.8146791664109969, 0.0]	1	2.0	1	0.40733958320549846
291	[7.9148736000061035, 2.726227045059204]	[0, 0.2737729549407959]	[0.0, 0.47259427902457674]	1	2.0	1	0.23629713951228837
292	[3.854144811630249, 8.629923820495605]	[0, 0]	[0.0, 0.0]	1	2.0	1	0.0
293	[4.259101867675781, 2.56923508644104]	[0, 0.43076491355895996]	[0.0, 0.6759714163644617]	1	2.0	1	0.33798570818223084
294	[4.455721378326416, 3.6543843746185303]	[0, 0]	[0.0, 0.0]	1	2.0	1	0.0
295	[8.040599822998047, 7.630363464355469]	[0, 0]	[0.0, 0.0]	1	2.0	1	0.0
296	[5.475706577301025, 9.991554260253906]	[0, 0]	[0.0, 0.0]	1	2.0	1	0.0
297	[9.403056144714355, 7.927733898162842]	[0, 0]	[0.0, 0.0]	1	2.0	1	0.0
298	[2.56719970703125, 6.127416610717773]	[0.43280029296875, 0]	[0.6782844923436642, 0.0]	1	2.0	1	0.3391422461718321
299	[2.5216453075408936, 7.127054691314697]	[0.47835469245910645, 0]	[0.7278861731205666, 0.0]	1	2.0	1	0.3639430865602833
300	[7.272253513336182, 8.276058197021484]	[0, 0]	[0.0, 0.0]	1	2.0	1	0.0
301	[10.574104309082031, 10.65517520904541]	[0, 0]	[0.0, 0.0]	1	2.0	1	0.0
302	[5.14816951751709, 6.2096333503723145]	[0, 0]	[0.0, 0.0]	1	2.0	1	0.0
303	[8.334871292114258, 4.621443271636963]	[0, 0]	[0.0, 0.0]	1	2.0	1	0.0
304	[5.7336344718933105, 9.095483779907227]	[0, 0]	[0.0, 0.0]	1	2.0	1	0.0
305	[3.8525209426879883, 5.890675067901611]	[0, 0]	[0.0, 0.0]	1	2.0	1	0.0
306	[2.5369982719421387, 3.760194778442383]	[0.46300172805786133, 0]	[0.7116328559311569, 0.0]	1	2.0	1	0.35581642796557844
307	[2.9352097511291504, 3.277913808822632]	[0.06479024887084961, 0]	[0.1253827213929526, 0.0]	1	2.0	1	0.0626913606964763
308	[2.6318352222442627, 5.049242973327637]	[0.3681647777557373, 0]	[0.6007842519315432, 0.0]	1	2.0	1	0.3003921259657716
309	[10.424086570739746, 2.848055362701416]	[0, 0.15194463729858398]	[0.0, 0.28080210179336973]	1	2.0	1	0.14040105089668486
310	[5.3542585372924805, 3.9478023052215576]	[0, 0]	[0.0, 0.0]	1	2.0	1	0.0
311	[2.3295888900756836, 4.300124168395996]	[0.6704111099243164, 0]	[0.891371163538679, 0.0]	1	2.0	1	0.4456855817693395
312	[2.584972381591797, 2.989959955215454]	[0.4150276184082031, 0]	[0.6578073127748212, 0.0]	1	2.0	1	0.3289036563874106
313	[4.584679126739502, 2.3187344074249268]	[0, 0.6812655925750732]	[0.0, 0.8984083775234808]	1	2.0	1	0.4492041887617404
314	[2.516106128692627, 2.3575639724731445]	[0, 0.6424360275268555]	[0.0, 0.8721480055892243]	1	2.0	1	0.43607400279461217
315	[8.005414962768555, 2.9250833988189697]	[0, 0.07491660118103027]	[0.0, 0.144220705229543]	1	2.0	1	0.0721103526147715
316	[3.0421664714813232, 4.194650650024414]	[0, 0]	[0.0, 0.0]	1	2.0	1	0.0
317	[5.566837787628174, 3.7008216381073]	[0, 0]	[0.0, 0.0]	1	2.0	1	0.0
318	[2.6714723110198975, 2.3357653617858887]	[0, 0.6642346382141113]	[0.0, 0.8872616218247913]	1	2.0	1	0.44363081091239565
319	[2.379960536956787, 9.960382461547852]	[0.6200394630432129, 0]	[0.85562999035551, 0.0]	1	2.0	1	0.427814995177755
320	[5.291712760925293, 2.9160449504852295]	[0, 0.08395504951477051]	[0.0, 0.16086164869051345]	1	2.0	1	0.08043082434525672
321	[7.4940032958984375, 5.553647994995117]	[0, 0]	[0.0, 0.0]	1	2.0	1	0.0
322	[2.678884744644165, 9.904887199401855]	[0.32111525535583496, 0]	[0.5391155034894268, 0.0]	1	2.0	1	0.2695577517447134
323	[3.963104724884033, 6.087503910064697]	[0, 0]	[0.0, 0.0]	1	2.0	1	0.0
324	[4.454654693603516, 9.002610206604004]	[0, 0]	[0.0, 0.0]	1	2.0	1	0.0
325	[2.62518572807312, 8.9112548828125]	[0.3748142719268799, 0]	[0.6091428054136827, 0.0]	1	2.0	1	0.30457140270684135
326	[9.818730354309082, 3.740166425704956]	[0, 0]	[0.0, 0.0]	1	2.0	1	0.0
327	[6.535385608673096, 6.580132961273193]	[0, 0]	[0.0, 0.0]	1	2.0	1	0.0
328	[4.387977600097656, 7.490331172943115]	[0, 0]	[0.0, 0.0]	1	2.0	1	0.0
329	[10.620340347290039, 6.809950351715088]	[0, 0]	[0.0, 0.0]	1	2.0	1	0.0
330	[10.578067779541016, 10.908945083618164]	[0, 0]	[0.0, 0.0]	1	2.0	1	0.0
331	[2.9692420959472656, 6.650598049163818]	[0.030757904052734375, 0]	[0.060569759443751536, 0.0]	1	2.0	1	0.030284879721875768
332	[3.2288529872894287, 3.5048298835754395]	[0, 0]	[0.0, 0.0]	1	2.0	1	0.0
333	[3.8941245079040527, 2.825119972229004]	[0, 0.1748800277709961]	[0.0, 0.3191770314288078]	1	2.0	1	0.1595885157144039
334	[9.558926582336426, 4.820659160614014]	[0, 0]	[0.0, 0.0]	1	2.0	1	0.0
335	[7.992010116577148, 6.871966361999512]	[0, 0]	[0.0, 0.0]	1	2.0	1	0.0
336	[3.607145071029663, 4.290184020996094]	[0, 0]	[0.0, 0.0]	1	2.0	1	0.0
337	[3.368969678878784, 8.168262481689453]	[0, 0]	[0.0, 0.0]	1	2.0	1	0.0
338	[5.540507793426514, 7.896878719329834]	[0, 0]	[0.0, 0.0]	1	2.0	1	0.0
339	[8.34787368774414, 3.9080982208251953]	[0, 0]	[0.0, 0.0]	1	2.0	1	0.0
340	[2.2502527236938477, 3.158292055130005]	[0.7497472763061523, 0]	[0.9373735742838107, 0.0]	1	2.0	1	0.46868678714190537
341	[7.727309226989746, 10.480805397033691]	[0, 0]	[0.0, 0.0]	1	2.0	1	0.0
342	[4.84751033782959, 3.7410058975219727]	[0, 0]	[0.0, 0.0]	1	2.0	1	0.0
343	[2.324530601501465, 9.174599647521973]	[0.6754693984985352, 0]	[0.8946798886890974, 0.0]	1	2.0	1	0.4473399443445487
344	[2.643439769744873, 10.633517265319824]	[0.35656023025512695, 0]	[0.5859852627106648, 0.0]	1	2.0	1	0.2929926313553324
345	[5.637246608734131, 8.360211372375488]	[0, 0]	[0.0, 0.0]	1	2.0	1	0.0
346	[4.09153938293457, 3.8971405029296875]	[0, 0]	[0.0, 0.0]	1	2.0	1	0.0
347	[2.729255437850952, 3.1171836853027344]	[0.27074456214904785, 0]	[0.46818650636481607, 0.0]	1	2.0	1	0.23409325318240803
348	[2.483299970626831, 5.831348896026611]	[0.516700029373169, 0]	[0.7664211383921042, 0.0]	1	2.0	1	0.3832105691960521
349	[2.530026912689209, 2.713191032409668]	[0.469973087310791, 0]	[0.7190714718251456, 0.0]	1	2.0	1	0.3595357359125728
350	[10.36850643157959, 5.969354629516602]	[0, 0]	[0.0, 0.0]	1	2.0	1	0.0
351	[4.612137794494629, 3.584167957305908]	[0, 0]	[0.0, 0.0]	1	2.0	1	0.0
352	[2.3994672298431396, 6.1180925369262695]	[0.6005327701568604, 0]	[0.8404259322814482, 0.0]	1	2.0	1	0.4202129661407241
353	[3.0758187770843506, 10.159262657165527]	[0, 0]	[0.0, 0.0]	1	2.0	1	0.0
354	[8.77985668182373, 2.269219398498535]	[0, 0.7307806015014648]	[0.0, 0.9275209154720869]	1	2.0	1	0.46376045773604346
355	[2.651092052459717, 6.73073148727417]	[0.3489079475402832, 0]	[0.5760791392237934, 0.0]	1	2.0	1	0.2880395696118967
356	[8.202044486999512, 3.0281403064727783]	[0, 0]	[0.0, 0.0]	1	2.0	1	0.0
357	[10.890789985656738, 6.367483139038086]	[0, 0]	[0.0, 0.0]	1	2.0	1	0.0
358	[2.469139814376831, 3.7476422786712646]	[0.530860185623169, 0]	[0.7799078345664725, 0.0]	1	2.0	1	0.38995391728323625
359	[6.74048376083374, 6.05695915222168]	[0, 0]	[0.0, 0.0]	1	2.0	1	0.0
360	[6.44047737121582, 4.827138423919678]	[0, 0]	[0.0, 0.0]	1	2.0	1	0.0
361	[7.4995245933532715, 9.91555404663086]	[0, 0]	[0.0, 0.0]	1	2.0	1	0.0
362	[5.843071937561035, 6.450186252593994]	[0, 0]	[0.0, 0.0]	1	2.0	1	0.0
363	[3.6423988342285156, 7.646031856536865]	[0, 0]	[0.0, 0.0]	1	2.0	1	0.0
364	[4.89269495010376, 3.72448992729187]	[0, 0]	[0.0, 0.0]	1	2.0	1	0.0
365	[3.389573574066162, 5.0866827964782715]	[0, 0]	[0.0, 0.0]	1	2.0	1	0.0
366	[7.826048374176025, 5.61499547958374]	[0, 0]	[0.0, 0.0]	1	2.0	1	0.0
367	[2.806851387023926, 2.368717670440674]	[0, 0.6312823295593262]	[0.0, 0.8640472795048026]	1	2.0	1	0.4320236397524013
368	[8.720304489135742, 2.904517889022827]	[0, 0.09548211097717285]	[0.0, 0.18184738843768855]	1	2.0	1	0.09092369421884428
369	[2.74961519241333, 10.647294998168945]	[0.2503848075866699, 0]	[0.4380770633031261, 0.0]	1	2.0	1	0.21903853165156306
370	[7.270234107971191, 3.0658655166625977]	[0, 0]	[0.0, 0.0]	1	2.0	1	0.0
371	[6.610628128051758, 2.6570334434509277]	[0, 0.34296655654907227]	[0.0, 0.5683070541870165]	1	2.0	1	0.2841535270935083
372	[2.3864243030548096, 5.840542316436768]	[0.6135756969451904, 0]	[0.8506762580086047, 0.0]	1	2.0	1	0.42533812900430235
373	[3.228604316711426, 5.8528642654418945]	[0, 0]	[0.0, 0.0]	1	2.0	1	0.0
374	[3.414874792098999, 8.896793365478516]	[0, 0]	[0.0, 0.0]	1	2.0	1	0.0
375	[5.367650508880615, 2.298161029815674]	[0, 0.7018389701843262]	[0.0, 0.9111000002992569]	1	2.0	1	0.45555000014962843
376	[2.818068265914917, 10.859883308410645]	[0.181931734085083, 0]	[0.33076431230296066, 0.0]	1	2.0	1	0.16538215615148033
377	[4.025732040405273, 6.7039337158203125]	[0, 0]	[0.0, 0.0]	1	2.0	1	0.0
378	[2.4607183933258057, 4.9450483322143555]	[0.5392816066741943, 0]	[0.7877385620512882, 0.0]	1	2.0	1	0.3938692810256441
379	[4.919519424438477, 6.868347644805908]	[0, 0]	[0.0, 0.0]	1	2.0	1	0.0
380	[7.553112506866455, 3.571042537689209]	[0, 0]	[0.0, 0.0]	1	2.0	1	0.0
381	[4.394676685333252, 4.3534040451049805]	[0, 0]	[0.0, 0.0]	1	2.0	1	0.0
382	[2.5474307537078857, 2.2348783016204834]	[0, 0.7651216983795166]	[0.0, 0.9448321834278772]	1	2.0	1	0.4724160917139386
383	[3.1174023151397705, 2.5311009883880615]	[0, 0.4688990116119385]	[0.0, 0.7179317401332241]	1	2.0	1	0.35896587006661207
384	[2.387451410293579, 10.280861854553223]	[0.6125485897064209, 0]	[0.8498814046615166, 0.0]	1	2.0	1	0.4249407023307583
385	[8.722026824951172, 2.835383415222168]	[0, 0.16461658477783203]	[0.0, 0.3021345495717469]	1	2.0	1	0.15106727478587345
386	[8.583574295043945, 6.595439910888672]	[0, 0]	[0.0, 0.0]	1	2.0	1	0.0
387	[9.871504783630371, 2.288330078125]	[0, 0.711669921875]	[0.0, 0.9168657660484314]	1	2.0	1	0.4584328830242157
388	[9.58321475982666, 2.35669207572937]	[0, 0.6433079242706299]	[0.0, 0.8727707631118733]	1	2.0	1	0.43638538155593665
389	[8.250114440917969, 2.7711470127105713]	[0, 0.2288529872894287]	[0.0, 0.405332284787562]	1	2.0	1	0.202666142393781
390	[8.47775936126709, 3.2614786624908447]	[0, 0]	[0.0, 0.0]	1	2.0	1	0.0
391	[10.114782333374023, 2.3644561767578125]	[0, 0.6355438232421875]	[0.0, 0.8671716952230781]	1	2.0	1	0.43358584761153907
392	[3.5732662677764893, 7.744831085205078]	[0, 0]	[0.0, 0.0]	1	2.0	1	0.0
393	[3.8932387828826904, 4.987279415130615]	[0, 0]	[0.0, 0.0]	1	2.0	1	0.0
394	[3.157136917114258, 4.67807674407959]	[0, 0]	[0.0, 0.0]	1	2.0	1	0.0
395	[6.906069755554199, 2.363442897796631]	[0, 0.6365571022033691]	[0.0, 0.8679092600411877]	1	2.0	1	0.43395463002059387
396	[2.277379035949707, 8.962352752685547]	[0.722620964050293, 0]	[0.9230608704156111, 0.0]	1	2.0	1	0.46153043520780557
397	[5.378198146820068, 8.080283164978027]	[0, 0]	[0.0, 0.0]	1	2.0	1	0.0
398	[9.920637130737305, 3.0197715759277344]	[0, 0]	[0.0, 0.0]	1	2.0	1	0.0
399	[5.452947616577148, 7.287613391876221]	[0, 0]	[0.0, 0.0]	1	2.0	1	0.0
400	[2.586576461791992, 5.245253562927246]	[0.4134235382080078, 0]	[0.6559280544715875, 0.0]	1	2.0	1	0.32796402723579376
401	[4.186618804931641, 10.159712791442871]	[0, 0]	[0.0, 0.0]	1	2.0	1	0.0
402	[7.520251750946045, 3.319077968597412]	[0, 0]	[0.0, 0.0]	1	2.0	1	0.0
403	[8.057143211364746, 9.967585563659668]	[0, 0]	[0.0, 0.0]	1	2.0	1	0.0
404	[3.3217403888702393, 9.104497909545898]	[0, 0]	[0.0, 0.0]	1	2.0	1	0.0
405	[10.827096939086914, 4.878475666046143]	[0, 0]	[0.0, 0.0]	1	2.0	1	0.0
406	[7.990419387817383, 10.297149658203125]	[0, 0]	[0.0, 0.0]	1	2.0	1	0.0
407	[2.45900559425354, 8.96851921081543]	[0.54099440574646, 0]	[0.7893138644439546, 0.0]	1	2.0	1	0.3946569322219773
408	[10.119107246398926, 8.33531665802002]	[0, 0]	[0.0, 0.0]	1	2.0	1	0.0
409	[7.4615325927734375, 2.3503715991973877]	[0, 0.6496284008026123]	[0.0, 0.8772397424758651]	1	2.0	1	0.43861987123793256
410	[2.878919839859009, 3.8719992637634277]	[0.12108016014099121, 0]	[0.22749991510221435, 0.0]	1	2.0	1	0.11374995755110717
411	[4.499359130859375, 2.4112966060638428]	[0, 0.5887033939361572]	[0.0, 0.8308351018403641]	1	2.0	1	0.41541755092018207
412	[3.44881272315979, 5.960190773010254]	[0, 0]	[0.0, 0.0]	1	2.0	1	0.0
413	[2.535898447036743, 5.366710186004639]	[0.46410155296325684, 0]	[0.712812854463607, 0.0]	1	2.0	1	0.3564064272318035
414	[3.6581528186798096, 9.83878231048584]	[0, 0]	[0.0, 0.0]	1	2.0	1	0.0
415	[4.170249938964844, 2.561384916305542]	[0, 0.438615083694458]	[0.0, 0.6848469757446196]	1	2.0	1	0.3424234878723098
416	[4.462771415710449, 3.0365710258483887]	[0, 0]	[0.0, 0.0]	1	2.0	1	0.0
417	[5.835803508758545, 3.994708776473999]	[0, 0]	[0.0, 0.0]	1	2.0	1	0.0
418	[7.034512042999268, 5.319483757019043]	[0, 0]	[0.0, 0.0]	1	2.0	1	0.0
419	[5.6022748947143555, 10.801957130432129]	[0, 0]	[0.0, 0.0]	1	2.0	1	0.0
420	[7.399864673614502, 4.822144985198975]	[0, 0]	[0.0, 0.0]	1	2.0	1	0.0
421	[9.70630931854248, 4.841916561126709]	[0, 0]	[0.0, 0.0]	1	2.0	1	0.0
422	[2.9767754077911377, 7.810068607330322]	[0.023224592208862305, 0]	[0.04590980273445666, 0.0]	1	2.0	1	0.02295490136722833
423	[9.401345252990723, 4.148007392883301]	[0, 0]	[0.0, 0.0]	1	2.0	1	0.0
424	[2.323138475418091, 6.455292224884033]	[0.6768615245819092, 0]	[0.8955815257044719, 0.0]	1	2.0	1	0.44779076285223596
425	[2.916334629058838, 7.153830528259277]	[0.08366537094116211, 0]	[0.16033084758760197, 0.0]	1	2.0	1	0.08016542379380098
426	[3.080070734024048, 5.453006267547607]	[0, 0]	[0.0, 0.0]	1	2.0	1	0.0
427	[2.6834380626678467, 8.109190940856934]	[0.3165619373321533, 0]	[0.5329124144968205, 0.0]	1	2.0	1	0.26645620724841024
428	[9.929849624633789, 5.902743339538574]	[0, 0]	[0.0, 0.0]	1	2.0	1	0.0
429	[7.020331859588623, 7.517207622528076]	[0, 0]	[0.0, 0.0]	1	2.0	1	0.0
430	[9.324968338012695, 2.434065103530884]	[0, 0.5659348964691162]	[0.0, 0.8115874858967231]	1	2.0	1	0.40579374294836157
431	[6.656432151794434, 9.842391967773438]	[0, 0]	[0.0, 0.0]	1	2.0	1	0.0
432	[9.08273696899414, 10.867705345153809]	[0, 0]	[0.0, 0.0]	1	2.0	1	0.0
433	[3.1598334312438965, 3.42565655708313]	[0, 0]	[0.0, 0.0]	1	2.0	1	0.0
434	[2.6304004192352295, 4.839205265045166]	[0.3695995807647705, 0]	[0.6025953114280469, 0.0]	1	2.0	1	0.30129765571402345
435	[3.5734429359436035, 6.761359691619873]	[0, 0]	[0.0, 0.0]	1	2.0	1	0.0
436	[5.829535484313965, 8.612157821655273]	[0, 0]	[0.0, 0.0]	1	2.0	1	0.0
437	[2.847277879714966, 9.899089813232422]	[0.15272212028503418, 0]	[0.2821201945457119, 0.0]	1	2.0	1	0.14106009727285596
438	[10.365209579467773, 5.43203592300415]	[0, 0]	[0.0, 0.0]	1	2.0	1	0.0
439	[2.337556838989258, 6.169060707092285]	[0.6624431610107422, 0]	[0.8860553804515803, 0.0]	1	2.0	1	0.44302769022579014
440	[2.7546639442443848, 9.037236213684082]	[0.24533605575561523, 0]	[0.4304823312575081, 0.0]	1	2.0	1	0.21524116562875406
441	[4.502146244049072, 8.622552871704102]	[0, 0]	[0.0, 0.0]	1	2.0	1	0.0
442	[2.309760332107544, 3.8410375118255615]	[0.690239667892456, 0]	[0.9040485366526241, 0.0]	1	2.0	1	0.45202426832631204
443	[6.46735954284668, 8.280128479003906]	[0, 0]	[0.0, 0.0]	1	2.0	1	0.0
444	[5.811943054199219, 5.940051078796387]	[0, 0]	[0.0, 0.0]	1	2.0	1	0.0
445	[4.354876518249512, 7.855784893035889]	[0, 0]	[0.0, 0.0]	1	2.0	1	0.0
446	[7.314870834350586, 9.654487609863281]	[0, 0]	[0.0, 0.0]	1	2.0	1	0.0
447	[2.9064972400665283, 2.3533935546875]	[0, 0.6466064453125]	[0.0, 0.875112995505333]	1	2.0	1	0.4375564977526665
448	[3.9243807792663574, 6.204692363739014]	[0, 0]	[0.0, 0.0]	1	2.0	1	0.0
449	[2.89802622795105, 2.5119314193725586]	[0, 0.4880685806274414]	[0.0, 0.7379262218591975]	1	2.0	1	0.36896311092959877
450	[2.422084093093872, 3.701979637145996]	[0.5779159069061279, 0]	[0.8218450183571235, 0.0]	1	2.0	1	0.41092250917856177
451	[4.135159492492676, 2.2463810443878174]	[0, 0.7536189556121826]	[0.0, 0.9392963809663684]	1	2.0	1	0.4696481904831842
452	[10.311614036560059, 4.394699573516846]	[0, 0]	[0.0, 0.0]	1	2.0	1	0.0
453	[4.333181381225586, 3.2084786891937256]	[0, 0]	[0.0, 0.0]	1	2.0	1	0.0
454	[9.6829833984375, 9.678454399108887]	[0, 0]	[0.0, 0.0]	1	2.0	1	0.0
455	[4.205763339996338, 2.3813159465789795]	[0, 0.6186840534210205]	[0.0, 0.8545981488845769]	1	2.0	1	0.42729907444228843
456	[2.487339973449707, 2.636902093887329]	[0.512660026550293, 0]	[0.7624997502780388, 0.0]	1	2.0	1	0.3812498751390194
457	[3.185819625854492, 4.068288326263428]	[0, 0]	[0.0, 0.0]	1	2.0	1	0.0
458	[8.989867210388184, 6.16477632522583]	[0, 0]	[0.0, 0.0]	1	2.0	1	0.0
459	[4.779531478881836, 9.162039756774902]	[0, 0]	[0.0, 0.0]	1	2.0	1	0.0
460	[9.0284423828125, 2.985469102859497]	[0, 0.01453089714050293]	[0.0, 0.028850647309297983]	1	2.0	1	0.014425323654648992
461	[2.52634334564209, 3.12489652633667]	[0.47365665435791016, 0]	[0.7229626824982915, 0.0]	1	2.0	1	0.36148134124914577
462	[3.4830949306488037, 4.4348039627075195]	[0, 0]	[0.0, 0.0]	1	2.0	1	0.0
463	[5.272393226623535, 3.4649221897125244]	[0, 0]	[0.0, 0.0]	1	2.0	1	0.0
464	[9.564885139465332, 6.342403888702393]	[0, 0]	[0.0, 0.0]	1	2.0	1	0.0
465	[2.8919034004211426, 5.650811672210693]	[0.10809659957885742, 0]	[0.204508324317203, 0.0]	1	2.0	1	0.1022541621586015
466	[8.540975570678711, 7.206357955932617]	[0, 0]	[0.0, 0.0]	1	2.0	1	0.0
467	[8.877581596374512, 10.696473121643066]	[0, 0]	[0.0, 0.0]	1	2.0	1	0.0
468	[8.91702651977539, 4.70134162902832]	[0, 0]	[0.0, 0.0]	1	2.0	1	0.0
469	[3.5726590156555176, 10.062505722045898]	[0, 0]	[0.0, 0.0]	1	2.0	1	0.0
470	[5.37196159362793, 9.99666976928711]	[0, 0]	[0.0, 0.0]	1	2.0	1	0.0
471	[10.717841148376465, 3.281531810760498]	[0, 0]	[0.0, 0.0]	1	2.0	1	0.0
472	[2.7395505905151367, 2.3154194355010986]	[0, 0.6845805644989014]	[0.0, 0.9005105797081683]	1	2.0	1	0.45025528985408414
473	[2.3669276237487793, 4.799258708953857]	[0.6330723762512207, 0]	[0.8653641189300743, 0.0]	1	2.0	1	0.4326820594650371
474	[10.742682456970215, 7.681924343109131]	[0, 0]	[0.0, 0.0]	1	2.0	1	0.0
475	[10.082385063171387, 7.548542022705078]	[0, 0]	[0.0, 0.0]	1	2.0	1	0.0
476	[2.3318984508514404, 2.3308634757995605]	[0, 0.6691365242004395]	[0.0, 0.8905293603818336]	1	2.0	1	0.4452646801909168
477	[3.792520761489868, 9.112911224365234]	[0, 0]	[0.0, 0.0]	1	2.0	1	0.0
478	[5.4237141609191895, 2.345017910003662]	[0, 0.6549820899963379]	[0.0, 0.8809626417767049]	1	2.0	1	0.44048132088835246
479	[6.062202453613281, 4.117257118225098]	[0, 0]	[0.0, 0.0]	1	2.0	1	0.0
480	[2.227600574493408, 2.5313820838928223]	[0.7723994255065918, 0]	[0.9481979784902705, 0.0]	1	2.0	1	0.47409898924513527
481	[3.3713390827178955, 2.4234228134155273]	[0, 0.5765771865844727]	[0.0, 0.8207131210792795]	1	2.0	1	0.41035656053963976
482	[7.445102691650391, 6.369119644165039]	[0, 0]	[0.0, 0.0]	1	2.0	1	0.0
483	[3.9612271785736084, 5.160180568695068]	[0, 0]	[0.0, 0.0]	1	2.0	1	0.0
484	[8.293278694152832, 2.7955069541931152]	[0, 0.20449304580688477]	[0.0, 0.36716868583039286]	1	2.0	1	0.18358434291519643
485	[8.017974853515625, 8.620527267456055]	[0, 0]	[0.0, 0.0]	1	2.0	1	0.0
486	[2.448324203491211, 2.347666025161743]	[0, 0.6523339748382568]	[0.0, 0.8791283349482342]	1	2.0	1	0.4395641674741171
487	[4.004035472869873, 3.561349868774414]	[0, 0]	[0.0, 0.0]	1	2.0	1	0.0
488	[4.060054302215576, 6.027659893035889]	[0, 0]	[0.0, 0.0]	1	2.0	1	0.0
489	[3.28645658493042, 2.2750680446624756]	[0, 0.7249319553375244]	[0.0, 0.9243375708055623]	1	2.0	1	0.46216878540278117
490	[7.093958854675293, 8.643414497375488]	[0, 0]	[0.0, 0.0]	1	2.0	1	0.0
491	[9.55063247680664, 2.5820746421813965]	[0, 0.4179253578186035]	[0.0, 0.6611891109293992]	1	2.0	1	0.3305945554646996
492	[7.01668643951416, 7.370150089263916]	[0, 0]	[0.0, 0.0]	1	2.0	1	0.0
493	[4.838930130004883, 4.733364582061768]	[0, 0]	[0.0, 0.0]	1	2.0	1	0.0
494	[3.4124045372009277, 6.896538257598877]	[0, 0]	[0.0, 0.0]	1	2.0	1	0.0
495	[9.80728816986084, 2.875925302505493]	[0, 0.12407469749450684]	[0.0, 0.2327548644306603]	1	2.0	1	0.11637743221533015
496	[4.869431972503662, 3.4845669269561768]	[0, 0]	[0.0, 0.0]	1	2.0	1	0.0
497	[9.700932502746582, 9.018774032592773]	[0, 0]	[0.0, 0.0]	1	2.0	1	0.0
498	[4.125024318695068, 3.5050387382507324]	[0, 0]	[0.0, 0.0]	1	2.0	1	0.0
499	[2.8156578540802, 2.4102835655212402]	[0, 0.5897164344787598]	[0.0, 0.8316673958631782]	1	2.0	1	0.4158336979315891
500	[7.950275897979736, 2.4241039752960205]	[0, 0.5758960247039795]	[0.0, 0.8201358181381124]	1	2.0	1	0.4100679090690562
501	[1, 2.7702646255493164]	[2.0, 0]	[0.0, 0.0]	1	2.0	1	0.0
502	[1, 2.635955333709717]	[2.0, 0]	[0.0, 0.0]	1	2.0	1	0.0
503	[1, 10.309937477111816]	[2.0, 0]	[0.0, 0.0]	1	2.0	1	0.0
504	[1, 7.73734712600708]	[2.0, 0]	[0.0, 0.0]	1	2.0	1	0.0
505	[1, 2.7939131259918213]	[2.0, 0]	[0.0, 0.0]	1	2.0	1	0.0
506	[1, 4.196566581726074]	[2.0, 0]	[0.0, 0.0]	1	2.0	1	0.0
507	[1, 3.102583646774292]	[2.0, 0]	[0.0, 0.0]	1	2.0	1	0.0
508	[1, 6.710402965545654]	[2.0, 0]	[0.0, 0.0]	1	2.0	1	0.0
509	[1, 2.944103479385376]	[2.0, 0]	[0.0, 0.0]	1	2.0	1	0.0
510	[1, 8.998924255371094]	[2.0, 0]	[0.0, 0.0]	1	2.0	1	0.0
511	[1, 10.037219047546387]	[2.0, 0]	[0.0, 0.0]	1	2.0	1	0.0
512	[1, 8.718770027160645]	[2.0, 0]	[0.0, 0.0]	1	2.0	1	0.0
513	[1, 4.773558139801025]	[2.0, 0]	[0.0, 0.0]	1	2.0	1	0.0
514	[1, 5.553725719451904]	[2.0, 0]	[0.0, 0.0]	1	2.0	1	0.0
515	[1, 7.28642463684082]	[2.0, 0]	[0.0, 0.0]	1	2.0	1	0.0
516	[1, 5.296191692352295]	[2.0, 0]	[0.0, 0.0]	1	2.0	1	0.0
517	[1, 3.9467997550964355]	[2.0, 0]	[0.0, 0.0]	1	2.0	1	0.0
518	[1, 9.320713996887207]	[2.0, 0]	[0.0, 0.0]	1	2.0	1	0.0
519	[1, 5.2937774658203125]	[2.0, 0]	[0.0, 0.0]	1	2.0	1	0.0
520	[1, 5.379136085510254]	[2.0, 0]	[0.0, 0.0]	1	2.0	1	0.0
521	[1, 2.5708343982696533]	[2.0, 0]	[0.0, 0.0]	1	2.0	1	0.0
522	[1, 4.415456771850586]	[2.0, 0]	[0.0, 0.0]	1	2.0	1	0.0
523	[1, 4.418910980224609]	[2.0, 0]	[0.0, 0.0]	1	2.0	1	0.0
524	[1, 2.6712841987609863]	[2.0, 0]	[0.0, 0.0]	1	2.0	1	0.0
525	[1, 4.239740371704102]	[2.0, 0]	[0.0, 0.0]	1	2.0	1	0.0
526	[1, 8.144888877868652]	[2.0, 0]	[0.0, 0.0]	1	2.0	1	0.0
527	[1, 5.594620227813721]	[2.0, 0]	[0.0, 0.0]	1	2.0	1	0.0
528	[1, 5.456000328063965]	[2.0, 0]	[0.0, 0.0]	1	2.0	1	0.0
529	[1, 5.29187536239624]	[2.0, 0]	[0.0, 0.0]	1	2.0	1	0.0
530	[1, 2.836592435836792]	[2.0, 0]	[0.0, 0.0]	1	2.0	1	0.0
531	[1, 10.345115661621094]	[2.0, 0]	[0.0, 0.0]	1	2.0	1	0.0
532	[1, 2.317892551422119]	[2.0, 0]	[0.0, 0.0]	1	2.0	1	0.0
533	[1, 8.466377258300781]	[2.0, 0]	[0.0, 0.0]	1	2.0	1	0.0
534	[1, 6.270320415496826]	[2.0, 0]	[0.0, 0.0]	1	2.0	1	0.0
535	[1, 2.788449764251709]	[2.0, 0]	[0.0, 0.0]	1	2.0	1	0.0
536	[1, 2.8558425903320312]	[2.0, 0]	[0.0, 0.0]	1	2.0	1	0.0
537	[1, 4.166555404663086]	[2.0, 0]	[0.0, 0.0]	1	2.0	1	0.0
538	[1, 10.463740348815918]	[2.0, 0]	[0.0, 0.0]	1	2.0	1	0.0
539	[1, 2.501699209213257]	[2.0, 0]	[0.0, 0.0]	1	2.0	1	0.0
540	[1, 9.34968376159668]	[2.0, 0]	[0.0, 0.0]	1	2.0	1	0.0
541	[1, 7.708399295806885]	[2.0, 0]	[0.0, 0.0]	1	2.0	1	0.0
542	[1, 3.350385904312134]	[2.0, 0]	[0.0, 0.0]	1	2.0	1	0.0
543	[1, 4.2262678146362305]	[2.0, 0]	[0.0, 0.0]	1	2.0	1	0.0
544	[1, 3.1670544147491455]	[2.0, 0]	[0.0, 0.0]	1	2.0	1	0.0
545	[1, 7.957846164703369]	[2.0, 0]	[0.0, 0.0]	1	2.0	1	0.0
546	[1, 9.24212646484375]	[2.0, 0]	[0.0, 0.0]	1	2.0	1	0.0
547	[1, 2.856499671936035]	[2.0, 0]	[0.0, 0.0]	1	2.0	1	0.0
548	[1, 7.439162731170654]	[2.0, 0]	[0.0, 0.0]	1	2.0	1	0.0
549	[1, 9.947726249694824]	[2.0, 0]	[0.0, 0.0]	1	2.0	1	0.0
550	[1, 6.961068630218506]	[2.0, 0]	[0.0, 0.0]	1	2.0	1	0.0
551	[1, 9.710204124450684]	[2.0, 0]	[0.0, 0.0]	1	2.0	1	0.0
552	[1, 3.2179183959960938]	[2.0, 0]	[0.0, 0.0]	1	2.0	1	0.0
553	[1, 5.94657039642334]	[2.0, 0]	[0.0, 0.0]	1	2.0	1	0.0
554	[1, 6.034727096557617]	[2.0, 0]	[0.0, 0.0]	1	2.0	1	0.0
555	[1, 8.490994453430176]	[2.0, 0]	[0.0, 0.0]	1	2.0	1	0.0
556	[1, 7.24922513961792]	[2.0, 0]	[0.0, 0.0]	1	2.0	1	0.0
557	[1, 3.6200053691864014]	[2.0, 0]	[0.0, 0.0]	1	2.0	1	0.0
558	[1, 6.461622714996338]	[2.0, 0]	[0.0, 0.0]	1	2.0	1	0.0
559	[1, 3.6695637702941895]	[2.0, 0]	[0.0, 0.0]	1	2.0	1	0.0
560	[1, 8.646499633789062]	[2.0, 0]	[0.0, 0.0]	1	2.0	1	0.0
561	[1, 2.3549442291259766]	[2.0, 0]	[0.0, 0.0]	1	2.0	1	0.0
562	[1, 6.598359107971191]	[2.0, 0]	[0.0, 0.0]	1	2.0	1	0.0
563	[1, 3.201124668121338]	[2.0, 0]	[0.0, 0.0]	1	2.0	1	0.0
564	[1, 3.2812561988830566]	[2.0, 0]	[0.0, 0.0]	1	2.0	1	0.0
565	[1, 11.012166023254395]	[2.0, 0]	[0.0, 0.0]	1	2.0	1	0.0
566	[1, 7.763740062713623]	[2.0, 0]	[0.0, 0.0]	1	2.0	1	0.0
567	[1, 3.8519339561462402]	[2.0, 0]	[0.0, 0.0]	1	2.0	1	0.0
568	[1, 6.595309257507324]	[2.0, 0]	[0.0, 0.0]	1	2.0	1	0.0
569	[1, 6.38438606262207]	[2.0, 0]	[0.0, 0.0]	1	2.0	1	0.0
570	[1, 3.736146926879883]	[2.0, 0]	[0.0, 0.0]	1	2.0	1	0.0
571	[1, 4.156070709228516]	[2.0, 0]	[0.0, 0.0]	1	2.0	1	0.0
572	[1, 3.2059409618377686]	[2.0, 0]	[0.0, 0.0]	1	2.0	1	0.0
573	[1, 5.429924011230469]	[2.0, 0]	[0.0, 0.0]	1	2.0	1	0.0
574	[1, 4.382096767425537]	[2.0, 0]	[0.0, 0.0]	1	2.0	1	0.0
575	[1, 4.886717319488525]	[2.0, 0]	[0.0, 0.0]	1	2.0	1	0.0
576	[1, 7.419095039367676]	[2.0, 0]	[0.0, 0.0]	1	2.0	1	0.0
577	[1, 6.435194969177246]	[2.0, 0]	[0.0, 0.0]	1	2.0	1	0.0
578	[1, 5.9338603019714355]	[2.0, 0]	[0.0, 0.0]	1	2.0	1	0.0
579	[1, 9.137436866760254]	[2.0, 0]	[0.0, 0.0]	1	2.0	1	0.0
580	[1, 5.548952579498291]	[2.0, 0]	[0.0, 0.0]	1	2.0	1	0.0
581	[1, 2.4378345012664795]	[2.0, 0]	[0.0, 0.0]	1	2.0	1	0.0
582	[1, 2.3040452003479004]	[2.0, 0]	[0.0, 0.0]	1	2.0	1	0.0
583	[1, 2.3026247024536133]	[2.0, 0]	[0.0, 0.0]	1	2.0	1	0.0
584	[1, 6.901074409484863]	[2.0, 0]	[0.0, 0.0]	1	2.0	1	0.0
585	[1, 10.967413902282715]	[2.0, 0]	[0.0, 0.0]	1	2.0	1	0.0
586	[1, 2.463662624359131]	[2.0, 0]	[0.0, 0.0]	1	2.0	1	0.0
587	[1, 10.812057495117188]	[2.0, 0]	[0.0, 0.0]	1	2.0	1	0.0
588	[1, 6.0289106369018555]	[2.0, 0]	[0.0, 0.0]	1	2.0	1	0.0
589	[1, 4.8525872230529785]	[2.0, 0]	[0.0, 0.0]	1	2.0	1	0.0
590	[1, 7.444700717926025]	[2.0, 0]	[0.0, 0.0]	1	2.0	1	0.0
591	[1, 3.810445547103882]	[2.0, 0]	[0.0, 0.0]	1	2.0	1	0.0
592	[1, 9.475515365600586]	[2.0, 0]	[0.0, 0.0]	1	2.0	1	0.0
593	[1, 3.178387403488159]	[2.0, 0]	[0.0, 0.0]	1	2.0	1	0.0
594	[1, 5.645289421081543]	[2.0, 0]	[0.0, 0.0]	1	2.0	1	0.0
595	[1, 2.8415770530700684]	[2.0, 0]	[0.0, 0.0]	1	2.0	1	0.0
596	[1, 2.6490375995635986]	[2.0, 0]	[0.0, 0.0]	1	2.0	1	0.0
597	[1, 5.600785255432129]	[2.0, 0]	[0.0, 0.0]	1	2.0	1	0.0
598	[1, 5.658064365386963]	[2.0, 0]	[0.0, 0.0]	1	2.0	1	0.0
599	[1, 2.786381483078003]	[2.0, 0]	[0.0, 0.0]	1	2.0	1	0.0
600	[1, 2.882605791091919]	[2.0, 0]	[0.0, 0.0]	1	2.0	1	0.0
601	[1, 4.504300117492676]	[2.0, 0]	[0.0, 0.0]	1	2.0	1	0.0
602	[1, 3.3815371990203857]	[2.0, 0]	[0.0, 0.0]	1	2.0	1	0.0
603	[1, 2.500746965408325]	[2.0, 0]	[0.0, 0.0]	1	2.0	1	0.0
604	[1, 9.263167381286621]	[2.0, 0]	[0.0, 0.0]	1	2.0	1	0.0
605	[1, 2.360933542251587]	[2.0, 0]	[0.0, 0.0]	1	2.0	1	0.0
606	[1, 4.466682434082031]	[2.0, 0]	[0.0, 0.0]	1	2.0	1	0.0
607	[1, 2.863830804824829]	[2.0, 0]	[0.0, 0.0]	1	2.0	1	0.0
608	[1, 6.9996418952941895]	[2.0, 0]	[0.0, 0.0]	1	2.0	1	0.0
609	[1, 8.93595027923584]	[2.0, 0]	[0.0, 0.0]	1	2.0	1	0.0
610	[1, 5.305833339691162]	[2.0, 0]	[0.0, 0.0]	1	2.0	1	0.0
611	[1, 3.251988172531128]	[2.0, 0]	[0.0, 0.0]	1	2.0	1	0.0
612	[1, 10.2396821975708]	[2.0, 0]	[0.0, 0.0]	1	2.0	1	0.0
613	[1, 6.271827220916748]	[2.0, 0]	[0.0, 0.0]	1	2.0	1	0.0
614	[1, 2.568366289138794]	[2.0, 0]	[0.0, 0.0]	1	2.0	1	0.0
615	[1, 2.438199758529663]	[2.0, 0]	[0.0, 0.0]	1	2.0	1	0.0
616	[1, 2.2965316772460938]	[2.0, 0]	[0.0, 0.0]	1	2.0	1	0.0
617	[1, 3.2168691158294678]	[2.0, 0]	[0.0, 0.0]	1	2.0	1	0.0
618	[1, 4.193996906280518]	[2.0, 0]	[0.0, 0.0]	1	2.0	1	0.0
619	[1, 10.288905143737793]	[2.0, 0]	[0.0, 0.0]	1	2.0	1	0.0
620	[1, 7.330000877380371]	[2.0, 0]	[0.0, 0.0]	1	2.0	1	0.0
621	[1, 2.990584135055542]	[2.0, 0]	[0.0, 0.0]	1	2.0	1	0.0
622	[1, 10.186798095703125]	[2.0, 0]	[0.0, 0.0]	1	2.0	1	0.0
623	[1, 3.1881844997406006]	[2.0, 0]	[0.0, 0.0]	1	2.0	1	0.0
624	[1, 5.545598983764648]	[2.0, 0]	[0.0, 0.0]	1	2.0	1	0.0
625	[1, 2.4917845726013184]	[2.0, 0]	[0.0, 0.0]	1	2.0	1	0.0
626	[1, 7.386808395385742]	[2.0, 0]	[0.0, 0.0]	1	2.0	1	0.0
627	[1, 3.175480842590332]	[2.0, 0]	[0.0, 0.0]	1	2.0	1	0.0
628	[1, 3.7134246826171875]	[2.0, 0]	[0.0, 0.0]	1	2.0	1	0.0
629	[1, 5.669828414916992]	[2.0, 0]	[0.0, 0.0]	1	2.0	1	0.0
630	[1, 4.939890384674072]	[2.0, 0]	[0.0, 0.0]	1	2.0	1	0.0
631	[1, 5.685161113739014]	[2.0, 0]	[0.0, 0.0]	1	2.0	1	0.0
632	[1, 3.5020241737365723]	[2.0, 0]	[0.0, 0.0]	1	2.0	1	0.0
633	[1, 2.931683301925659]	[2.0, 0]	[0.0, 0.0]	1	2.0	1	0.0
634	[1, 7.055209636688232]	[2.0, 0]	[0.0, 0.0]	1	2.0	1	0.0
635	[1, 4.653676986694336]	[2.0, 0]	[0.0, 0.0]	1	2.0	1	0.0
636	[1, 3.387320041656494]	[2.0, 0]	[0.0, 0.0]	1	2.0	1	0.0
637	[1, 4.28769063949585]	[2.0, 0]	[0.0, 0.0]	1	2.0	1	0.0
638	[1, 4.772011756896973]	[2.0, 0]	[0.0, 0.0]	1	2.0	1	0.0
639	[1, 3.5556583404541016]	[2.0, 0]	[0.0, 0.0]	1	2.0	1	0.0
640	[1, 2.827709913253784]	[2.0, 0]	[0.0, 0.0]	1	2.0	1	0.0
641	[1, 8.343273162841797]	[2.0, 0]	[0.0, 0.0]	1	2.0	1	0.0
642	[1, 7.238471984863281]	[2.0, 0]	[0.0, 0.0]	1	2.0	1	0.0
643	[1, 4.75096321105957]	[2.0, 0]	[0.0, 0.0]	1	2.0	1	0.0
644	[1, 2.6889963150024414]	[2.0, 0]	[0.0, 0.0]	1	2.0	1	0.0
645	[1, 8.602069854736328]	[2.0, 0]	[0.0, 0.0]	1	2.0	1	0.0
646	[1, 6.895294189453125]	[2.0, 0]	[0.0, 0.0]	1	2.0	1	0.0
647	[1, 2.697807788848877]	[2.0, 0]	[0.0, 0.0]	1	2.0	1	0.0
648	[1, 9.48533821105957]	[2.0, 0]	[0.0, 0.0]	1	2.0	1	0.0
649	[1, 5.087662220001221]	[2.0, 0]	[0.0, 0.0]	1	2.0	1	0.0
650	[1, 3.3189432621002197]	[2.0, 0]	[0.0, 0.0]	1	2.0	1	0.0
651	[1, 4.888373851776123]	[2.0, 0]	[0.0, 0.0]	1	2.0	1	0.0
652	[1, 7.061728000640869]	[2.0, 0]	[0.0, 0.0]	1	2.0	1	0.0
653	[1, 2.560133934020996]	[2.0, 0]	[0.0, 0.0]	1	2.0	1	0.0
654	[1, 3.2921741008758545]	[2.0, 0]	[0.0, 0.0]	1	2.0	1	0.0
655	[1, 4.155210971832275]	[2.0, 0]	[0.0, 0.0]	1	2.0	1	0.0
656	[1, 5.573233604431152]	[2.0, 0]	[0.0, 0.0]	1	2.0	1	0.0
657	[1, 10.533190727233887]	[2.0, 0]	[0.0, 0.0]	1	2.0	1	0.0
658	[1, 2.662865400314331]	[2.0, 0]	[0.0, 0.0]	1	2.0	1	0.0
659	[1, 2.3914947509765625]	[2.0, 0]	[0.0, 0.0]	1	2.0	1	0.0
660	[1, 7.622359275817871]	[2.0, 0]	[0.0, 0.0]	1	2.0	1	0.0
661	[1, 10.833003997802734]	[2.0, 0]	[0.0, 0.0]	1	2.0	1	0.0
662	[1, 2.443077325820923]	[2.0, 0]	[0.0, 0.0]	1	2.0	1	0.0
663	[1, 6.195685386657715]	[2.0, 0]	[0.0, 0.0]	1	2.0	1	0.0
664	[1, 5.83591890335083]	[2.0, 0]	[0.0, 0.0]	1	2.0	1	0.0
665	[1, 5.36461877822876]	[2.0, 0]	[0.0, 0.0]	1	2.0	1	0.0
666	[1, 2.5910959243774414]	[2.0, 0]	[0.0, 0.0]	1	2.0	1	0.0
667	[1, 3.588106870651245]	[2.0, 0]	[0.0, 0.0]	1	2.0	1	0.0
668	[1, 4.3732218742370605]	[2.0, 0]	[0.0, 0.0]	1	2.0	1	0.0
669	[1, 3.065906047821045]	[2.0, 0]	[0.0, 0.0]	1	2.0	1	0.0
670	[1, 2.87758731842041]	[2.0, 0]	[0.0, 0.0]	1	2.0	1	0.0
671	[1, 4.594198703765869]	[2.0, 0]	[0.0, 0.0]	1	2.0	1	0.0
672	[1, 7.3968892097473145]	[2.0, 0]	[0.0, 0.0]	1	2.0	1	0.0
673	[1, 6.777985572814941]	[2.0, 0]	[0.0, 0.0]	1	2.0	1	0.0
674	[1, 6.502659797668457]	[2.0, 0]	[0.0, 0.0]	1	2.0	1	0.0
675	[1, 9.294492721557617]	[2.0, 0]	[0.0, 0.0]	1	2.0	1	0.0
676	[1, 9.753963470458984]	[2.0, 0]	[0.0, 0.0]	1	2.0	1	0.0
677	[1, 2.272087335586548]	[2.0, 0]	[0.0, 0.0]	1	2.0	1	0.0
678	[1, 4.992068767547607]	[2.0, 0]	[0.0, 0.0]	1	2.0	1	0.0
679	[1, 3.20768404006958]	[2.0, 0]	[0.0, 0.0]	1	2.0	1	0.0
680	[1, 3.7370083332061768]	[2.0, 0]	[0.0, 0.0]	1	2.0	1	0.0
681	[1, 2.563532829284668]	[2.0, 0]	[0.0, 0.0]	1	2.0	1	0.0
682	[1, 3.2350950241088867]	[2.0, 0]	[0.0, 0.0]	1	2.0	1	0.0
683	[1, 2.2630202770233154]	[2.0, 0]	[0.0, 0.0]	1	2.0	1	0.0
684	[1, 5.6075119972229]	[2.0, 0]	[0.0, 0.0]	1	2.0	1	0.0
685	[1, 4.734015941619873]	[2.0, 0]	[0.0, 0.0]	1	2.0	1	0.0
686	[1, 2.472215175628662]	[2.0, 0]	[0.0, 0.0]	1	2.0	1	0.0
687	[1, 2.9456875324249268]	[2.0, 0]	[0.0, 0.0]	1	2.0	1	0.0
688	[1, 7.33981990814209]	[2.0, 0]	[0.0, 0.0]	1	2.0	1	0.0
689	[1, 7.949671745300293]	[2.0, 0]	[0.0, 0.0]	1	2.0	1	0.0
690	[1, 9.436127662658691]	[2.0, 0]	[0.0, 0.0]	1	2.0	1	0.0
691	[1, 3.6445531845092773]	[2.0, 0]	[0.0, 0.0]	1	2.0	1	0.0
692	[1, 6.774176120758057]	[2.0, 0]	[0.0, 0.0]	1	2.0	1	0.0
693	[1, 8.666502952575684]	[2.0, 0]	[0.0, 0.0]	1	2.0	1	0.0
694	[1, 5.436546802520752]	[2.0, 0]	[0.0, 0.0]	1	2.0	1	0.0
695	[1, 6.168424606323242]	[2.0, 0]	[0.0, 0.0]	1	2.0	1	0.0
696	[1, 10.170652389526367]	[2.0, 0]	[0.0, 0.0]	1	2.0	1	0.0
697	[1, 6.71295690536499]	[2.0, 0]	[0.0, 0.0]	1	2.0	1	0.0
698	[1, 2.5685291290283203]	[2.0, 0]	[0.0, 0.0]	1	2.0	1	0.0
699	[1, 4.057145595550537]	[2.0, 0]	[0.0, 0.0]	1	2.0	1	0.0
700	[1, 3.759692668914795]	[2.0, 0]	[0.0, 0.0]	1	2.0	1	0.0
701	[1, 6.534931659698486]	[2.0, 0]	[0.0, 0.0]	1	2.0	1	0.0
702	[1, 3.6114282608032227]	[2.0, 0]	[0.0, 0.0]	1	2.0	1	0.0
703	[1, 4.652133464813232]	[2.0, 0]	[0.0, 0.0]	1	2.0	1	0.0
704	[1, 4.785996437072754]	[2.0, 0]	[0.0, 0.0]	1	2.0	1	0.0
705	[1, 10.021903991699219]	[2.0, 0]	[0.0, 0.0]	1	2.0	1	0.0
706	[1, 2.535682201385498]	[2.0, 0]	[0.0, 0.0]	1	2.0	1	0.0
707	[1, 2.5135040283203125]	[2.0, 0]	[0.0, 0.0]	1	2.0	1	0.0
708	[1, 7.27501916885376]	[2.0, 0]	[0.0, 0.0]	1	2.0	1	0.0
709	[1, 5.268027305603027]	[2.0, 0]	[0.0, 0.0]	1	2.0	1	0.0
710	[1, 2.6739988327026367]	[2.0, 0]	[0.0, 0.0]	1	2.0	1	0.0
711	[1, 2.3613245487213135]	[2.0, 0]	[0.0, 0.0]	1	2.0	1	0.0
712	[1, 5.205522537231445]	[2.0, 0]	[0.0, 0.0]	1	2.0	1	0.0
713	[1, 10.75805377960205]	[2.0, 0]	[0.0, 0.0]	1	2.0	1	0.0
714	[1, 3.7675840854644775]	[2.0, 0]	[0.0, 0.0]	1	2.0	1	0.0
715	[1, 2.463984251022339]	[2.0, 0]	[0.0, 0.0]	1	2.0	1	0.0
716	[1, 2.433983325958252]	[2.0, 0]	[0.0, 0.0]	1	2.0	1	0.0
717	[1, 3.591672420501709]	[2.0, 0]	[0.0, 0.0]	1	2.0	1	0.0
718	[1, 6.450723648071289]	[2.0, 0]	[0.0, 0.0]	1	2.0	1	0.0
719	[1, 4.996310710906982]	[2.0, 0]	[0.0, 0.0]	1	2.0	1	0.0
720	[1, 6.2508931159973145]	[2.0, 0]	[0.0, 0.0]	1	2.0	1	0.0
721	[1, 7.2695441246032715]	[2.0, 0]	[0.0, 0.0]	1	2.0	1	0.0
722	[1, 4.694609642028809]	[2.0, 0]	[0.0, 0.0]	1	2.0	1	0.0
723	[1, 5.710691928863525]	[2.0, 0]	[0.0, 0.0]	1	2.0	1	0.0
724	[1, 2.379624366760254]	[2.0, 0]	[0.0, 0.0]	1	2.0	1	0.0
725	[1, 10.544135093688965]	[2.0, 0]	[0.0, 0.0]	1	2.0	1	0.0
726	[1, 2.2388126850128174]	[2.0, 0]	[0.0, 0.0]	1	2.0	1	0.0
727	[1, 2.625422477722168]	[2.0, 0]	[0.0, 0.0]	1	2.0	1	0.0
728	[1, 6.277940273284912]	[2.0, 0]	[0.0, 0.0]	1	2.0	1	0.0
729	[1, 7.331718444824219]	[2.0, 0]	[0.0, 0.0]	1	2.0	1	0.0
730	[1, 5.268923759460449]	[2.0, 0]	[0.0, 0.0]	1	2.0	1	0.0
731	[1, 9.283662796020508]	[2.0, 0]	[0.0, 0.0]	1	2.0	1	0.0
732	[1, 4.297841548919678]	[2.0, 0]	[0.0, 0.0]	1	2.0	1	0.0
733	[1, 2.294541835784912]	[2.0, 0]	[0.0, 0.0]	1	2.0	1	0.0
734	[1, 3.314495325088501]	[2.0, 0]	[0.0, 0.0]	1	2.0	1	0.0
735	[1, 8.17785930633545]	[2.0, 0]	[0.0, 0.0]	1	2.0	1	0.0
736	[1, 2.701965093612671]	[2.0, 0]	[0.0, 0.0]	1	2.0	1	0.0
737	[1, 2.468440532684326]	[2.0, 0]	[0.0, 0.0]	1	2.0	1	0.0
738	[1, 2.6521310806274414]	[2.0, 0]	[0.0, 0.0]	1	2.0	1	0.0
739	[1, 5.086913108825684]	[2.0, 0]	[0.0, 0.0]	1	2.0	1	0.0
740	[1, 6.302263259887695]	[2.0, 0]	[0.0, 0.0]	1	2.0	1	0.0
741	[1, 2.5250911712646484]	[2.0, 0]	[0.0, 0.0]	1	2.0	1	0.0
742	[1, 8.89108657836914]	[2.0, 0]	[0.0, 0.0]	1	2.0	1	0.0
743	[1, 3.2324371337890625]	[2.0, 0]	[0.0, 0.0]	1	2.0	1	0.0
744	[1, 8.888710975646973]	[2.0, 0]	[0.0, 0.0]	1	2.0	1	0.0
745	[1, 4.0643391609191895]	[2.0, 0]	[0.0, 0.0]	1	2.0	1	0.0
746	[1, 2.7705466747283936]	[2.0, 0]	[0.0, 0.0]	1	2.0	1	0.0
747	[1, 7.462292671203613]	[2.0, 0]	[0.0, 0.0]	1	2.0	1	0.0
748	[1, 4.782424449920654]	[2.0, 0]	[0.0, 0.0]	1	2.0	1	0.0
749	[1, 2.2333853244781494]	[2.0, 0]	[0.0, 0.0]	1	2.0	1	0.0
750	[1, 5.0306172370910645]	[2.0, 0]	[0.0, 0.0]	1	2.0	1	0.0
751	[1, 4.688143730163574]	[2.0, 0]	[0.0, 0.0]	1	2.0	1	0.0
752	[1, 3.921907901763916]	[2.0, 0]	[0.0, 0.0]	1	2.0	1	0.0
753	[1, 4.810243606567383]	[2.0, 0]	[0.0, 0.0]	1	2.0	1	0.0
754	[1, 5.194346904754639]	[2.0, 0]	[0.0, 0.0]	1	2.0	1	0.0
755	[1, 5.070667743682861]	[2.0, 0]	[0.0, 0.0]	1	2.0	1	0.0
756	[1, 9.14212703704834]	[2.0, 0]	[0.0, 0.0]	1	2.0	1	0.0
757	[1, 3.127708673477173]	[2.0, 0]	[0.0, 0.0]	1	2.0	1	0.0
758	[1, 2.8133058547973633]	[2.0, 0]	[0.0, 0.0]	1	2.0	1	0.0
759	[1, 5.077220916748047]	[2.0, 0]	[0.0, 0.0]	1	2.0	1	0.0
760	[1, 2.9053561687469482]	[2.0, 0]	[0.0, 0.0]	1	2.0	1	0.0
761	[1, 9.739936828613281]	[2.0, 0]	[0.0, 0.0]	1	2.0	1	0.0
762	[1, 5.562255382537842]	[2.0, 0]	[0.0, 0.0]	1	2.0	1	0.0
763	[1, 2.485534429550171]	[2.0, 0]	[0.0, 0.0]	1	2.0	1	0.0
764	[1, 4.8663177490234375]	[2.0, 0]	[0.0, 0.0]	1	2.0	1	0.0
765	[1, 2.3623273372650146]	[2.0, 0]	[0.0, 0.0]	1	2.0	1	0.0
766	[1, 6.804380416870117]	[2.0, 0]	[0.0, 0.0]	1	2.0	1	0.0
767	[1, 2.483243227005005]	[2.0, 0]	[0.0, 0.0]	1	2.0	1	0.0
768	[1, 10.07418155670166]	[2.0, 0]	[0.0, 0.0]	1	2.0	1	0.0
769	[1, 7.056639671325684]	[2.0, 0]	[0.0, 0.0]	1	2.0	1	0.0
770	[1, 10.620086669921875]	[2.0, 0]	[0.0, 0.0]	1	2.0	1	0.0
771	[1, 9.390140533447266]	[2.0, 0]	[0.0, 0.0]	1	2.0	1	0.0
772	[1, 2.776111364364624]	[2.0, 0]	[0.0, 0.0]	1	2.0	1	0.0
773	[1, 6.923941612243652]	[2.0, 0]	[0.0, 0.0]	1	2.0	1	0.0
774	[1, 3.071387767791748]	[2.0, 0]	[0.0, 0.0]	1	2.0	1	0.0
775	[1, 5.1121978759765625]	[2.0, 0]	[0.0, 0.0]	1	2.0	1	0.0
776	[1, 2.300520181655884]	[2.0, 0]	[0.0, 0.0]	1	2.0	1	0.0
777	[1, 2.5635228157043457]	[2.0, 0]	[0.0, 0.0]	1	2.0	1	0.0
778	[1, 7.5474114418029785]	[2.0, 0]	[0.0, 0.0]	1	2.0	1	0.0
779	[1, 2.3551878929138184]	[2.0, 0]	[0.0, 0.0]	1	2.0	1	0.0
780	[1, 2.494577646255493]	[2.0, 0]	[0.0, 0.0]	1	2.0	1	0.0
781	[1, 2.982956647872925]	[2.0, 0]	[0.0, 0.0]	1	2.0	1	0.0
782	[1, 4.5449700355529785]	[2.0, 0]	[0.0, 0.0]	1	2.0	1	0.0
783	[1, 4.375683784484863]	[2.0, 0]	[0.0, 0.0]	1	2.0	1	0.0
784	[1, 2.8321876525878906]	[2.0, 0]	[0.0, 0.0]	1	2.0	1	0.0
785	[1, 7.048177242279053]	[2.0, 0]	[0.0, 0.0]	1	2.0	1	0.0
786	[1, 2.5740275382995605]	[2.0, 0]	[0.0, 0.0]	1	2.0	1	0.0
787	[1, 3.9569599628448486]	[2.0, 0]	[0.0, 0.0]	1	2.0	1	0.0
788	[1, 3.298678398132324]	[2.0, 0]	[0.0, 0.0]	1	2.0	1	0.0
789	[1, 4.098667621612549]	[2.0, 0]	[0.0, 0.0]	1	2.0	1	0.0
790	[1, 2.3900110721588135]	[2.0, 0]	[0.0, 0.0]	1	2.0	1	0.0
791	[1, 9.972136497497559]	[2.0, 0]	[0.0, 0.0]	1	2.0	1	0.0
792	[1, 4.201333045959473]	[2.0, 0]	[0.0, 0.0]	1	2.0	1	0.0
793	[1, 3.6668813228607178]	[2.0, 0]	[0.0, 0.0]	1	2.0	1	0.0
794	[1, 3.4109692573547363]	[2.0, 0]	[0.0, 0.0]	1	2.0	1	0.0
795	[1, 2.884230613708496]	[2.0, 0]	[0.0, 0.0]	1	2.0	1	0.0
796	[1, 6.498973846435547]	[2.0, 0]	[0.0, 0.0]	1	2.0	1	0.0
797	[1, 3.2088918685913086]	[2.0, 0]	[0.0, 0.0]	1	2.0	1	0.0
798	[1, 2.277678966522217]	[2.0, 0]	[0.0, 0.0]	1	2.0	1	0.0
799	[1, 9.689753532409668]	[2.0, 0]	[0.0, 0.0]	1	2.0	1	0.0
800	[1, 4.827941417694092]	[2.0, 0]	[0.0, 0.0]	1	2.0	1	0.0
801	[1, 7.454839706420898]	[2.0, 0]	[0.0, 0.0]	1	2.0	1	0.0
802	[1, 2.392446756362915]	[2.0, 0]	[0.0, 0.0]	1	2.0	1	0.0
803	[1, 2.7039830684661865]	[2.0, 0]	[0.0, 0.0]	1	2.0	1	0.0
804	[1, 4.757325649261475]	[2.0, 0]	[0.0, 0.0]	1	2.0	1	0.0
805	[1, 4.158756256103516]	[2.0, 0]	[0.0, 0.0]	1	2.0	1	0.0
806	[1, 2.7721304893493652]	[2.0, 0]	[0.0, 0.0]	1	2.0	1	0.0
807	[1, 4.758579730987549]	[2.0, 0]	[0.0, 0.0]	1	2.0	1	0.0
808	[1, 10.522811889648438]	[2.0, 0]	[0.0, 0.0]	1	2.0	1	0.0
809	[1, 9.844220161437988]	[2.0, 0]	[0.0, 0.0]	1	2.0	1	0.0
810	[1, 3.5499653816223145]	[2.0, 0]	[0.0, 0.0]	1	2.0	1	0.0
811	[1, 10.051188468933105]	[2.0, 0]	[0.0, 0.0]	1	2.0	1	0.0
812	[1, 3.5152640342712402]	[2.0, 0]	[0.0, 0.0]	1	2.0	1	0.0
813	[1, 5.263800621032715]	[2.0, 0]	[0.0, 0.0]	1	2.0	1	0.0
814	[1, 2.5750818252563477]	[2.0, 0]	[0.0, 0.0]	1	2.0	1	0.0
815	[1, 8.97376537322998]	[2.0, 0]	[0.0, 0.0]	1	2.0	1	0.0
816	[1, 2.782935857772827]	[2.0, 0]	[0.0, 0.0]	1	2.0	1	0.0
817	[1, 3.162381649017334]	[2.0, 0]	[0.0, 0.0]	1	2.0	1	0.0
818	[1, 2.44018292427063]	[2.0, 0]	[0.0, 0.0]	1	2.0	1	0.0
819	[1, 2.424107789993286]	[2.0, 0]	[0.0, 0.0]	1	2.0	1	0.0
820	[1, 9.109309196472168]	[2.0, 0]	[0.0, 0.0]	1	2.0	1	0.0
821	[1, 9.65237808227539]	[2.0, 0]	[0.0, 0.0]	1	2.0	1	0.0
822	[1, 4.200623035430908]	[2.0, 0]	[0.0, 0.0]	1	2.0	1	0.0
823	[1, 2.710942506790161]	[2.0, 0]	[0.0, 0.0]	1	2.0	1	0.0
824	[1, 2.465681314468384]	[2.0, 0]	[0.0, 0.0]	1	2.0	1	0.0
825	[1, 3.48307728767395]	[2.0, 0]	[0.0, 0.0]	1	2.0	1	0.0
826	[1, 3.605710983276367]	[2.0, 0]	[0.0, 0.0]	1	2.0	1	0.0
827	[1, 9.676504135131836]	[2.0, 0]	[0.0, 0.0]	1	2.0	1	0.0
828	[1, 2.3638131618499756]	[2.0, 0]	[0.0, 0.0]	1	2.0	1	0.0
829	[1, 7.167212963104248]	[2.0, 0]	[0.0, 0.0]	1	2.0	1	0.0
830	[1, 5.1550798416137695]	[2.0, 0]	[0.0, 0.0]	1	2.0	1	0.0
831	[1, 10.586095809936523]	[2.0, 0]	[0.0, 0.0]	1	2.0	1	0.0
832	[1, 2.377838611602783]	[2.0, 0]	[0.0, 0.0]	1	2.0	1	0.0
833	[1, 4.817267894744873]	[2.0, 0]	[0.0, 0.0]	1	2.0	1	0.0
834	[1, 3.2513716220855713]	[2.0, 0]	[0.0, 0.0]	1	2.0	1	0.0
835	[1, 4.0055413246154785]	[2.0, 0]	[0.0, 0.0]	1	2.0	1	0.0
836	[1, 3.6600141525268555]	[2.0, 0]	[0.0, 0.0]	1	2.0	1	0.0
837	[1, 2.9951224327087402]	[2.0, 0]	[0.0, 0.0]	1	2.0	1	0.0
838	[1, 3.4964540004730225]	[2.0, 0]	[0.0, 0.0]	1	2.0	1	0.0
839	[1, 6.107669830322266]	[2.0, 0]	[0.0, 0.0]	1	2.0	1	0.0
840	[1, 2.88032865524292]	[2.0, 0]	[0.0, 0.0]	1	2.0	1	0.0
841	[1, 9.772305488586426]	[2.0, 0]	[0.0, 0.0]	1	2.0	1	0.0
842	[1, 2.8050670623779297]	[2.0, 0]	[0.0, 0.0]	1	2.0	1	0.0
843	[1, 6.450652122497559]	[2.0, 0]	[0.0, 0.0]	1	2.0	1	0.0
844	[1, 7.03303337097168]	[2.0, 0]	[0.0, 0.0]	1	2.0	1	0.0
845	[1, 7.520117282867432]	[2.0, 0]	[0.0, 0.0]	1	2.0	1	0.0
846	[1, 7.104648590087891]	[2.0, 0]	[0.0, 0.0]	1	2.0	1	0.0
847	[1, 3.4041736125946045]	[2.0, 0]	[0.0, 0.0]	1	2.0	1	0.0
848	[1, 7.297168254852295]	[2.0, 0]	[0.0, 0.0]	1	2.0	1	0.0
849	[1, 5.463449001312256]	[2.0, 0]	[0.0, 0.0]	1	2.0	1	0.0
850	[1, 4.322683334350586]	[2.0, 0]	[0.0, 0.0]	1	2.0	1	0.0
851	[1, 6.376898765563965]	[2.0, 0]	[0.0, 0.0]	1	2.0	1	0.0
852	[1, 6.214055061340332]	[2.0, 0]	[0.0, 0.0]	1	2.0	1	0.0
853	[1, 3.4446709156036377]	[2.0, 0]	[0.0, 0.0]	1	2.0	1	0.0
854	[1, 8.446141242980957]	[2.0, 0]	[0.0, 0.0]	1	2.0	1	0.0
855	[1, 5.25110387802124]	[2.0, 0]	[0.0, 0.0]	1	2.0	1	0.0
856	[1, 2.4249558448791504]	[2.0, 0]	[0.0, 0.0]	1	2.0	1	0.0
857	[1, 3.0840606689453125]	[2.0, 0]	[0.0, 0.0]	1	2.0	1	0.0
858	[1, 6.340206623077393]	[2.0, 0]	[0.0, 0.0]	1	2.0	1	0.0
859	[1, 7.1862592697143555]	[2.0, 0]	[0.0, 0.0]	1	2.0	1	0.0
860	[1, 3.761883020401001]	[2.0, 0]	[0.0, 0.0]	1	2.0	1	0.0
861	[1, 2.5847280025482178]	[2.0, 0]	[0.0, 0.0]	1	2.0	1	0.0
862	[1, 3.340580940246582]	[2.0, 0]	[0.0, 0.0]	1	2.0	1	0.0
863	[1, 2.8917646408081055]	[2.0, 0]	[0.0, 0.0]	1	2.0	1	0.0
864	[1, 8.479217529296875]	[2.0, 0]	[0.0, 0.0]	1	2.0	1	0.0
865	[1, 5.312424659729004]	[2.0, 0]	[0.0, 0.0]	1	2.0	1	0.0
866	[1, 2.352468490600586]	[2.0, 0]	[0.0, 0.0]	1	2.0	1	0.0
867	[1, 3.434523582458496]	[2.0, 0]	[0.0, 0.0]	1	2.0	1	0.0
868	[1, 10.202699661254883]	[2.0, 0]	[0.0, 0.0]	1	2.0	1	0.0
869	[1, 5.033653736114502]	[2.0, 0]	[0.0, 0.0]	1	2.0	1	0.0
870	[1, 2.8772828578948975]	[2.0, 0]	[0.0, 0.0]	1	2.0	1	0.0
871	[1, 4.2949700355529785]	[2.0, 0]	[0.0, 0.0]	1	2.0	1	0.0
872	[1, 4.719735145568848]	[2.0, 0]	[0.0, 0.0]	1	2.0	1	0.0
873	[1, 2.7907333374023438]	[2.0, 0]	[0.0, 0.0]	1	2.0	1	0.0
874	[1, 3.4552316665649414]	[2.0, 0]	[0.0, 0.0]	1	2.0	1	0.0
875	[1, 4.537384033203125]	[2.0, 0]	[0.0, 0.0]	1	2.0	1	0.0
876	[1, 2.544123411178589]	[2.0, 0]	[0.0, 0.0]	1	2.0	1	0.0
877	[1, 2.483112335205078]	[2.0, 0]	[0.0, 0.0]	1	2.0	1	0.0
878	[1, 7.697787284851074]	[2.0, 0]	[0.0, 0.0]	1	2.0	1	0.0
879	[1, 6.457358360290527]	[2.0, 0]	[0.0, 0.0]	1	2.0	1	0.0
880	[1, 2.3564536571502686]	[2.0, 0]	[0.0, 0.0]	1	2.0	1	0.0
881	[1, 3.7892022132873535]	[2.0, 0]	[0.0, 0.0]	1	2.0	1	0.0
882	[1, 10.848126411437988]	[2.0, 0]	[0.0, 0.0]	1	2.0	1	0.0
883	[1, 2.6563591957092285]	[2.0, 0]	[0.0, 0.0]	1	2.0	1	0.0
884	[1, 3.473869800567627]	[2.0, 0]	[0.0, 0.0]	1	2.0	1	0.0
885	[1, 3.58095645904541]	[2.0, 0]	[0.0, 0.0]	1	2.0	1	0.0
886	[1, 2.759423017501831]	[2.0, 0]	[0.0, 0.0]	1	2.0	1	0.0
887	[1, 2.8144822120666504]	[2.0, 0]	[0.0, 0.0]	1	2.0	1	0.0
888	[1, 2.7844696044921875]	[2.0, 0]	[0.0, 0.0]	1	2.0	1	0.0
889	[1, 5.118704795837402]	[2.0, 0]	[0.0, 0.0]	1	2.0	1	0.0
890	[1, 2.880859613418579]	[2.0, 0]	[0.0, 0.0]	1	2.0	1	0.0
891	[1, 7.733191013336182]	[2.0, 0]	[0.0, 0.0]	1	2.0	1	0.0
892	[1, 7.025322914123535]	[2.0, 0]	[0.0, 0.0]	1	2.0	1	0.0
893	[1, 3.244370460510254]	[2.0, 0]	[0.0, 0.0]	1	2.0	1	0.0
894	[1, 4.010560035705566]	[2.0, 0]	[0.0, 0.0]	1	2.0	1	0.0
895	[1, 8.57388687133789]	[2.0, 0]	[0.0, 0.0]	1	2.0	1	0.0
896	[1, 8.12098503112793]	[2.0, 0]	[0.0, 0.0]	1	2.0	1	0.0
897	[1, 10.378741264343262]	[2.0, 0]	[0.0, 0.0]	1	2.0	1	0.0
898	[1, 6.087307453155518]	[2.0, 0]	[0.0, 0.0]	1	2.0	1	0.0
899	[1, 5.122417449951172]	[2.0, 0]	[0.0, 0.0]	1	2.0	1	0.0
900	[1, 4.625857353210449]	[2.0, 0]	[0.0, 0.0]	1	2.0	1	0.0
901	[1, 2.371401309967041]	[2.0, 0]	[0.0, 0.0]	1	2.0	1	0.0
902	[1, 4.860767364501953]	[2.0, 0]	[0.0, 0.0]	1	2.0	1	0.0
903	[1, 2.491771936416626]	[2.0, 0]	[0.0, 0.0]	1	2.0	1	0.0
904	[1, 5.180853843688965]	[2.0, 0]	[0.0, 0.0]	1	2.0	1	0.0
905	[1, 4.316620826721191]	[2.0, 0]	[0.0, 0.0]	1	2.0	1	0.0
906	[1, 2.4944841861724854]	[2.0, 0]	[0.0, 0.0]	1	2.0	1	0.0
907	[1, 10.655655860900879]	[2.0, 0]	[0.0, 0.0]	1	2.0	1	0.0
908	[1, 10.642315864562988]	[2.0, 0]	[0.0, 0.0]	1	2.0	1	0.0
909	[1, 2.8087782859802246]	[2.0, 0]	[0.0, 0.0]	1	2.0	1	0.0
910	[1, 10.382820129394531]	[2.0, 0]	[0.0, 0.0]	1	2.0	1	0.0
911	[1, 6.667627811431885]	[2.0, 0]	[0.0, 0.0]	1	2.0	1	0.0
912	[1, 5.619946002960205]	[2.0, 0]	[0.0, 0.0]	1	2.0	1	0.0
913	[1, 3.1652443408966064]	[2.0, 0]	[0.0, 0.0]	1	2.0	1	0.0
914	[1, 2.413095474243164]	[2.0, 0]	[0.0, 0.0]	1	2.0	1	0.0
915	[1, 6.540887355804443]	[2.0, 0]	[0.0, 0.0]	1	2.0	1	0.0
916	[1, 2.4630730152130127]	[2.0, 0]	[0.0, 0.0]	1	2.0	1	0.0
917	[1, 10.059273719787598]	[2.0, 0]	[0.0, 0.0]	1	2.0	1	0.0
918	[1, 2.6106114387512207]	[2.0, 0]	[0.0, 0.0]	1	2.0	1	0.0
919	[1, 6.859369277954102]	[2.0, 0]	[0.0, 0.0]	1	2.0	1	0.0
920	[1, 2.7082715034484863]	[2.0, 0]	[0.0, 0.0]	1	2.0	1	0.0
921	[1, 5.076984882354736]	[2.0, 0]	[0.0, 0.0]	1	2.0	1	0.0
922	[1, 10.797938346862793]	[2.0, 0]	[0.0, 0.0]	1	2.0	1	0.0
923	[1, 2.376110553741455]	[2.0, 0]	[0.0, 0.0]	1	2.0	1	0.0
924	[1, 2.5771467685699463]	[2.0, 0]	[0.0, 0.0]	1	2.0	1	0.0
925	[1, 9.527315139770508]	[2.0, 0]	[0.0, 0.0]	1	2.0	1	0.0
926	[1, 3.663931131362915]	[2.0, 0]	[0.0, 0.0]	1	2.0	1	0.0
927	[1, 3.775857925415039]	[2.0, 0]	[0.0, 0.0]	1	2.0	1	0.0
928	[1, 3.878455400466919]	[2.0, 0]	[0.0, 0.0]	1	2.0	1	0.0
929	[1, 3.4507064819335938]	[2.0, 0]	[0.0, 0.0]	1	2.0	1	0.0
930	[1, 6.444351673126221]	[2.0, 0]	[0.0, 0.0]	1	2.0	1	0.0
931	[1, 4.568437576293945]	[2.0, 0]	[0.0, 0.0]	1	2.0	1	0.0
932	[1, 3.069070816040039]	[2.0, 0]	[0.0, 0.0]	1	2.0	1	0.0
933	[1, 2.539968490600586]	[2.0, 0]	[0.0, 0.0]	1	2.0	1	0.0
934	[1, 2.708669662475586]	[2.0, 0]	[0.0, 0.0]	1	2.0	1	0.0
935	[1, 4.7796950340271]	[2.0, 0]	[0.0, 0.0]	1	2.0	1	0.0
936	[1, 3.9121005535125732]	[2.0, 0]	[0.0, 0.0]	1	2.0	1	0.0
937	[1, 6.932459354400635]	[2.0, 0]	[0.0, 0.0]	1	2.0	1	0.0
938	[1, 3.968402147293091]	[2.0, 0]	[0.0, 0.0]	1	2.0	1	0.0
939	[1, 7.411332130432129]	[2.0, 0]	[0.0, 0.0]	1	2.0	1	0.0
940	[1, 5.869921684265137]	[2.0, 0]	[0.0, 0.0]	1	2.0	1	0.0
941	[1, 6.421258449554443]	[2.0, 0]	[0.0, 0.0]	1	2.0	1	0.0
942	[1, 3.995588779449463]	[2.0, 0]	[0.0, 0.0]	1	2.0	1	0.0
943	[1, 2.576033115386963]	[2.0, 0]	[0.0, 0.0]	1	2.0	1	0.0
944	[1, 4.676501274108887]	[2.0, 0]	[0.0, 0.0]	1	2.0	1	0.0
945	[1, 4.033665180206299]	[2.0, 0]	[0.0, 0.0]	1	2.0	1	0.0
946	[1, 2.297166109085083]	[2.0, 0]	[0.0, 0.0]	1	2.0	1	0.0
947	[1, 4.018605709075928]	[2.0, 0]	[0.0, 0.0]	1	2.0	1	0.0
948	[1, 3.8565192222595215]	[2.0, 0]	[0.0, 0.0]	1	2.0	1	0.0
949	[1, 9.276118278503418]	[2.0, 0]	[0.0, 0.0]	1	2.0	1	0.0
950	[1, 6.753079891204834]	[2.0, 0]	[0.0, 0.0]	1	2.0	1	0.0
951	[1, 7.920017719268799]	[2.0, 0]	[0.0, 0.0]	1	2.0	1	0.0
952	[1, 6.311157703399658]	[2.0, 0]	[0.0, 0.0]	1	2.0	1	0.0
953	[1, 2.654388189315796]	[2.0, 0]	[0.0, 0.0]	1	2.0	1	0.0
954	[1, 7.586392879486084]	[2.0, 0]	[0.0, 0.0]	1	2.0	1	0.0
955	[1, 4.533044338226318]	[2.0, 0]	[0.0, 0.0]	1	2.0	1	0.0
956	[1, 4.63153076171875]	[2.0, 0]	[0.0, 0.0]	1	2.0	1	0.0
957	[1, 3.469251871109009]	[2.0, 0]	[0.0, 0.0]	1	2.0	1	0.0
958	[1, 2.478741407394409]	[2.0, 0]	[0.0, 0.0]	1	2.0	1	0.0
959	[1, 9.929991722106934]	[2.0, 0]	[0.0, 0.0]	1	2.0	1	0.0
960	[1, 5.749048709869385]	[2.0, 0]	[0.0, 0.0]	1	2.0	1	0.0
961	[1, 5.31375789642334]	[2.0, 0]	[0.0, 0.0]	1	2.0	1	0.0
962	[1, 3.9551827907562256]	[2.0, 0]	[0.0, 0.0]	1	2.0	1	0.0
963	[1, 7.311273574829102]	[2.0, 0]	[0.0, 0.0]	1	2.0	1	0.0
964	[1, 5.279708385467529]	[2.0, 0]	[0.0, 0.0]	1	2.0	1	0.0
965	[1, 7.469517707824707]	[2.0, 0]	[0.0, 0.0]	1	2.0	1	0.0
966	[1, 2.906402111053467]	[2.0, 0]	[0.0, 0.0]	1	2.0	1	0.0
967	[1, 6.387434005737305]	[2.0, 0]	[0.0, 0.0]	1	2.0	1	0.0
968	[1, 6.216963291168213]	[2.0, 0]	[0.0, 0.0]	1	2.0	1	0.0
969	[1, 9.044946670532227]	[2.0, 0]	[0.0, 0.0]	1	2.0	1	0.0
970	[1, 2.2615561485290527]	[2.0, 0]	[0.0, 0.0]	1	2.0	1	0.0
971	[1, 6.974256992340088]	[2.0, 0]	[0.0, 0.0]	1	2.0	1	0.0
972	[1, 8.971586227416992]	[2.0, 0]	[0.0, 0.0]	1	2.0	1	0.0
973	[1, 3.9692444801330566]	[2.0, 0]	[0.0, 0.0]	1	2.0	1	0.0
974	[1, 4.352904319763184]	[2.0, 0]	[0.0, 0.0]	1	2.0	1	0.0
975	[1, 4.94307279586792]	[2.0, 0]	[0.0, 0.0]	1	2.0	1	0.0
976	[1, 5.200508117675781]	[2.0, 0]	[0.0, 0.0]	1	2.0	1	0.0
977	[1, 2.4483344554901123]	[2.0, 0]	[0.0, 0.0]	1	2.0	1	0.0
978	[1, 3.694763422012329]	[2.0, 0]	[0.0, 0.0]	1	2.0	1	0.0
979	[1, 2.336303949356079]	[2.0, 0]	[0.0, 0.0]	1	2.0	1	0.0
980	[1, 4.000239372253418]	[2.0, 0]	[0.0, 0.0]	1	2.0	1	0.0
981	[1, 2.335435628890991]	[2.0, 0]	[0.0, 0.0]	1	2.0	1	0.0
982	[1, 2.658151865005493]	[2.0, 0]	[0.0, 0.0]	1	2.0	1	0.0
983	[1, 7.664841175079346]	[2.0, 0]	[0.0, 0.0]	1	2.0	1	0.0
984	[1, 5.112507343292236]	[2.0, 0]	[0.0, 0.0]	1	2.0	1	0.0
985	[1, 7.40077543258667]	[2.0, 0]	[0.0, 0.0]	1	2.0	1	0.0
986	[1, 3.6296257972717285]	[2.0, 0]	[0.0, 0.0]	1	2.0	1	0.0
987	[1, 6.368765830993652]	[2.0, 0]	[0.0, 0.0]	1	2.0	1	0.0
988	[1, 2.282404899597168]	[2.0, 0]	[0.0, 0.0]	1	2.0	1	0.0
989	[1, 3.0788862705230713]	[2.0, 0]	[0.0, 0.0]	1	2.0	1	0.0
990	[1, 9.44260025024414]	[2.0, 0]	[0.0, 0.0]	1	2.0	1	0.0
991	[1, 2.251903533935547]	[2.0, 0]	[0.0, 0.0]	1	2.0	1	0.0
992	[1, 2.5412609577178955]	[2.0, 0]	[0.0, 0.0]	1	2.0	1	0.0
993	[1, 3.1524853706359863]	[2.0, 0]	[0.0, 0.0]	1	2.0	1	0.0
994	[1, 5.012845993041992]	[2.0, 0]	[0.0, 0.0]	1	2.0	1	0.0
995	[1, 7.117765426635742]	[2.0, 0]	[0.0, 0.0]	1	2.0	1	0.0
996	[1, 2.4339792728424072]	[2.0, 0]	[0.0, 0.0]	1	2.0	1	0.0
997	[1, 2.8763186931610107]	[2.0, 0]	[0.0, 0.0]	1	2.0	1	0.0
998	[1, 2.9554147720336914]	[2.0, 0]	[0.0, 0.0]	1	2.0	1	0.0
999	[1, 5.5240864753723145]	[2.0, 0]	[0.0, 0.0]	1	2.0	1	0.0
